customer_id,transaction_amount,transaction_frequency,geographic_risk_score,kyc_completeness,sar_flag,risk_label,merchant_category_Gambling,merchant_category_Luxury,merchant_category_Retail,merchant_category_Tech
1,-0.5177218997501163,1.5544255295581304,1.6440913467033287,1,0,0,False,True,False,False
2,2.096261523350461,-0.9248350215963796,-1.6263701900155318,0,0,0,False,True,False,False
3,0.3541475511474955,-0.6414909586072928,0.8317893994719289,1,0,2,True,False,False,False
4,-0.06127773001519188,-0.074802832629119,0.9394850344908278,1,0,0,False,True,False,False
5,-0.8259893609352031,-0.4289829113654776,-0.8598413626970907,1,0,0,False,False,True,False
6,-0.8260187620221717,-1.2081790845854665,0.6068602480472387,1,0,0,False,False,False,True
7,-0.9389352935902809,0.421049277601783,-1.3764842223541591,1,0,0,False,False,True,False
8,1.068621186898487,-0.2873108798709342,-0.8139431095951455,1,0,0,False,False,False,True
9,-0.054961422034245165,-0.570654942860021,1.0056463556848143,0,0,0,True,False,False,False
10,0.26619120955999637,-0.1456388483763907,1.268836495047147,1,0,1,False,True,False,False
11,-0.9790983762979003,0.8460653720854133,0.39067077407178735,1,0,0,False,True,False,False
12,2.6038994964765423,-0.6414909586072928,0.04225606193723301,1,0,1,False,True,False,False
13,0.8373497012742902,-1.34985111608001,-1.1489737178952215,1,0,0,False,False,False,True
14,-0.7549388625624793,-1.2081790845854665,-1.4786974233317387,0,0,1,False,True,False,False
15,-0.794041452288103,-0.0039668168818472824,-1.2917528658672564,1,0,1,False,False,True,False
16,-0.7920533994647692,-0.49981892711274933,-0.9157102178920485,1,0,0,False,True,False,False
17,-0.627301924785683,-0.0039668168818472824,-0.5238697245680687,0,0,0,True,False,False,False
18,-0.23515698421742137,-0.9248350215963796,-0.38938540579249126,1,0,0,False,False,True,False
19,-0.4186821380022062,-0.7123269743545645,-0.5079404746866157,0,0,1,False,True,False,False
20,-0.6463660078285828,0.06686919886542443,-0.8756133418556025,1,0,1,False,True,False,False
21,-0.026887285963241372,1.1294094350745,0.05214765417773755,1,0,0,False,False,False,False
22,-0.8459377896960699,1.412753498063587,1.1337864060819773,1,0,0,False,False,False,True
23,-0.6450362874713028,0.06686919886542443,-0.7362851134847412,1,0,0,False,False,True,False
24,-0.5310866708979344,1.5544255295581304,1.5351685074710106,1,0,1,False,False,False,False
25,-0.37403545955139317,0.49188529334905473,1.2984873634863523,1,0,0,True,False,False,False
26,0.5817041023033758,-1.066507053090923,-1.140541020668954,1,0,0,False,False,False,True
27,-0.7713497445656653,-0.6414909586072928,1.0000728725268582,1,0,0,False,False,True,False
28,-0.2576859411938751,-1.2790151003327381,0.2744764256869584,1,0,0,False,True,False,False
29,-0.07715988956568827,-0.570654942860021,0.24701394517473763,0,0,1,False,False,True,False
30,-0.9515635054916672,-0.1456388483763907,-0.3546521133665883,1,0,0,False,True,False,False
31,-0.03824282740977281,0.06686919886542443,0.022768332227919498,1,1,0,False,False,False,True
32,-0.8081540088640113,-0.2873108798709342,-0.3336199427018518,0,0,0,False,True,False,False
33,-0.9312964225163384,-0.21647486412366243,0.15500614884284708,1,0,0,True,False,False,False
34,2.058779263867006,-1.2790151003327381,0.45738551361715785,1,0,0,False,True,False,False
35,2.4671464947381674,-0.7831629901018362,0.6162704181300981,0,0,2,True,False,False,False
36,0.6993921629860238,-0.7123269743545645,0.13015072573107836,1,0,1,False,False,False,True
37,-0.6267524210926039,-1.2790151003327381,0.7777757936334717,1,0,0,False,False,False,True
38,-0.894760902775602,-1.1373430688381947,-1.2107606177895835,1,0,0,False,False,True,False
39,0.1854325675814897,1.6252615453054022,-0.9684098354857408,0,0,1,True,False,False,False
40,-0.403709479767682,-1.2081790845854665,1.1113314487798769,0,0,0,True,False,False,False
41,-0.8665980870805382,-0.1456388483763907,-0.5894974980895129,1,0,0,False,False,False,False
42,-0.29727544342215223,0.2793772461072396,-1.6165414812161614,1,0,1,False,False,False,False
43,-0.964495423484258,-0.49981892711274933,-1.1678699648206414,1,0,1,False,False,False,False
44,1.469014818402282,0.421049277601783,-0.9285394883777048,1,0,2,False,True,False,False
45,-0.6924196426135997,0.3502132618545113,1.5863635866334205,0,0,2,False,False,False,False
46,0.11702376483400229,0.9877374035799568,0.2691774231900201,1,0,1,True,False,False,False
47,-0.6161984359393448,0.7043933405908699,1.5020700680334391,1,0,0,False,True,False,False
48,-0.24525646725948727,-0.49981892711274933,0.2764506487416477,1,0,0,False,False,False,True
49,-0.18649975869338334,1.200245450821772,-0.05194971540673955,1,0,0,False,False,True,False
50,-0.7902250726207071,0.9877374035799568,-0.6196618881280763,1,0,0,False,False,False,False
51,2.5928397409089174,-0.570654942860021,0.3834196683729775,1,0,0,False,False,False,True
52,0.5346984142291303,-0.7831629901018362,-1.2178902349886418,0,0,0,True,False,False,False
53,1.8853334854969883,0.421049277601783,1.3839216695289478,1,0,0,False,False,True,False
54,1.3164764400652393,-0.074802832629119,1.1476557359093473,1,0,0,False,False,False,True
55,-0.06322021532963497,0.7043933405908699,-0.6066239037168824,1,0,0,False,False,True,False
56,1.6223161433247055,1.3419174823163154,1.5708521904318045,1,0,0,False,False,False,False
57,-0.9051740830634192,1.412753498063587,1.13349388678098,1,0,0,True,False,False,False
58,-0.7760833414920899,0.6335573248435982,0.5888596938171302,1,0,1,False,False,True,False
59,-0.9528822843657636,-1.562359163321825,-1.277655302754751,0,0,0,False,False,False,True
60,-0.5956377139524586,0.8460653720854133,-0.05579012418400076,1,0,0,False,False,False,False
61,-0.49420168486670507,1.2710814665690435,0.03975086421165215,1,0,1,False,False,False,False
62,-0.67482473240891,1.0585734193272285,-0.8979067524246664,1,0,0,False,False,False,True
63,0.8148485190519644,0.06686919886542443,-1.4209195489994926,1,0,0,False,False,False,True
64,-0.5465700604892783,-0.1456388483763907,0.9673307463629849,1,0,0,False,False,True,False
65,-0.6612011967693598,1.3419174823163154,-1.2767190682934775,0,0,0,False,True,False,False
66,-0.19557023351938982,0.9877374035799568,0.3420128717445512,1,0,2,False,False,False,False
67,-0.8442262888147934,-0.7123269743545645,1.514815593271967,1,0,0,False,False,True,False
68,0.6666275469825753,1.6960975610526738,1.3079769458627408,0,0,0,False,False,False,True
69,-0.9207905676360603,-1.4915231475745534,-0.7429721857288544,1,0,0,False,False,True,False
70,3.4583941215876353,0.2793772461072396,1.2234626598147633,1,0,0,False,False,False,True
71,0.5215695127461093,-0.21647486412366243,-1.6938740101021723,0,0,0,True,False,False,False
72,-0.7725806012383656,-0.0039668168818472824,-1.6343859315342395,1,0,0,False,False,False,True
73,-0.9947995270134735,-0.8539990058491079,0.3703336147745448,1,0,0,False,False,False,True
74,0.7380385581632051,-0.49981892711274933,-0.44460948524228394,1,0,0,False,False,False,True
75,0.261917491613314,0.5627213090963264,-0.37035738351845,1,0,0,False,True,False,False
76,0.34274578498847674,-0.6414909586072928,0.2396983882738633,1,0,0,False,False,False,True
77,0.517177386263711,1.412753498063587,-1.0376486873513695,1,0,0,False,False,False,False
78,-0.9213529031064661,1.200245450821772,-0.9691883949765592,1,0,1,False,False,False,False
79,-0.5438276650018709,1.3419174823163154,-0.03396428023153484,1,0,0,False,False,True,False
80,-0.8738017496266524,-1.6331951790690968,0.8903109322434815,1,0,0,False,True,False,False
81,1.0452665122453835,0.7043933405908699,0.4284138988082691,1,0,0,False,False,True,False
82,0.003904477319419915,1.200245450821772,-0.6757817405415991,1,0,0,False,False,False,False
83,-0.5871124937634096,0.6335573248435982,-0.21996422299918417,1,0,1,False,False,False,False
84,-0.9329382193029091,0.3502132618545113,-1.110032971574552,1,0,0,True,False,False,False
85,-0.6172871248823857,-0.8539990058491079,-1.439208102910382,1,1,1,False,False,False,True
86,-0.5958618583448578,-0.8539990058491079,0.9878021378126289,1,0,0,False,False,False,False
87,0.34502235047058943,-0.49981892711274933,-0.7853559363572775,1,1,1,False,False,True,False
88,0.0436032776393787,0.49188529334905473,-1.0856910012938752,1,0,0,False,False,True,False
89,1.2445645115544404,0.49188529334905473,0.675617776407075,0,0,1,False,False,False,True
90,-0.3430367797672537,0.7043933405908699,0.42345723818924896,1,0,0,False,False,False,True
91,-0.86945793595406,0.9877374035799568,0.47534498892928445,1,0,0,True,False,False,False
92,0.2845820020002847,1.4835895138108588,-0.9104408599796622,1,0,0,False,True,False,False
93,0.471065566411321,0.2793772461072396,-0.897583934735024,1,0,0,False,False,True,False
94,-0.15289594501844317,1.6960975610526738,-0.9381773987499349,1,0,2,False,False,False,True
95,0.5158147038706656,0.2793772461072396,-1.0994489159965097,0,0,0,False,False,True,False
96,-0.3000865859479289,1.3419174823163154,0.552584037619555,1,0,0,False,False,False,True
97,-0.23952826952240916,-0.6414909586072928,1.211696352257962,1,0,0,False,False,False,False
98,-0.4266272882950643,1.3419174823163154,0.7877002482781965,1,0,0,False,False,True,False
99,-0.9740074850363853,1.5544255295581304,1.020013890948589,1,0,0,False,False,False,False
100,-0.8830429555480434,-1.066507053090923,-0.3075023679466407,1,0,0,False,False,True,False
101,-0.9676435367965646,0.3502132618545113,0.5469356749867988,1,0,0,False,True,False,False
102,0.04035252499061522,-0.0039668168818472824,-0.48081235654244187,1,0,2,True,False,False,False
103,-0.612237495592246,0.9877374035799568,0.10623741418268845,1,0,0,False,False,False,False
104,-0.2696115559393344,-0.3581468956182059,-0.04413325774763206,1,0,0,False,False,False,True
105,1.4493060795107031,-1.4206871318272816,-1.0887047463015336,1,0,1,False,True,False,False
106,-0.7055046696030299,-1.7040311948163684,-0.36823936670966234,1,0,0,False,False,True,False
107,-0.4570094948304951,0.3502132618545113,1.608641277117223,1,0,0,False,False,False,False
108,0.4487990210812203,1.6960975610526738,-0.8429651362056486,1,0,0,False,False,True,False
109,-0.7332135324032479,-1.562359163321825,-1.2363800210419478,1,0,0,False,False,True,False
110,-0.9180865077929322,1.412753498063587,-0.2602616986650965,1,0,0,False,False,True,False
111,-0.6485086398187865,-0.7831629901018362,1.0139952700527055,1,0,1,True,False,False,False
112,-0.8196279015911752,0.3502132618545113,0.3003924396627021,1,0,0,True,False,False,False
113,1.7308677427149082,-1.4915231475745534,0.6391364090003187,1,0,0,False,False,False,True
114,0.6979060957108488,-0.49981892711274933,-1.0448042956704149,1,0,1,False,False,False,False
115,0.03188013689944134,0.8460653720854133,0.42653019949511517,0,0,2,False,True,False,False
116,1.1100696350514896,-0.0039668168818472824,-0.5861643830684412,1,0,0,False,True,False,False
117,0.6743283329120823,1.6252615453054022,1.164694499164272,1,0,0,False,True,False,False
118,-0.7880575562695695,-1.7040311948163684,0.46200858106338843,1,0,0,False,False,True,False
119,1.2945236867747698,1.4835895138108588,-1.013402030414535,1,0,2,True,False,False,False
120,-0.20308772786953389,-0.7123269743545645,-1.4735297229084892,1,0,1,False,False,False,False
121,0.6942654541563207,-1.1373430688381947,-1.5488815843287627,1,0,0,False,False,True,False
122,1.3289150813457313,-0.7123269743545645,-0.4219514584652191,0,0,0,True,False,False,False
123,-0.6067499661543512,1.6960975610526738,-0.7837664362975358,1,0,0,True,False,False,False
124,-0.880548442907089,-0.074802832629119,0.5195635072706054,1,0,1,False,False,False,False
125,-0.7343641329463158,-1.4915231475745534,0.016532855959560503,1,0,0,False,False,False,False
126,-0.4274055628453677,-0.9248350215963796,-0.7831901049238451,1,0,0,False,False,False,False
127,0.7523725212981607,0.8460653720854133,-1.1834773746601543,1,0,2,False,False,True,False
128,1.0275873104474957,0.8460653720854133,-1.2590161967831262,0,0,0,False,False,False,True
129,-0.9933191216616344,1.2710814665690435,1.2687480617869762,1,0,0,False,False,False,False
130,-0.26504481227464305,-1.34985111608001,-0.8604540488876157,1,0,0,False,False,False,True
131,-0.44467301745350524,0.9877374035799568,0.5388287537770882,1,0,0,False,False,True,False
132,-0.7420999621617057,1.4835895138108588,1.0837419531008199,1,0,0,False,False,False,True
133,-0.8691410733194579,-0.074802832629119,0.4098481836267525,1,0,0,False,True,False,False
134,-0.5767323141571014,-0.9956710373436514,1.2512835842641146,1,0,0,False,False,False,True
135,1.9450302961470232,-0.8539990058491079,-0.35002148713428327,1,0,1,False,False,False,False
136,-0.5988766108418249,0.6335573248435982,1.5825907707759876,1,0,0,False,False,True,False
137,-0.24799106176552868,-0.0039668168818472824,-1.2386379306785695,1,0,0,False,False,False,False
138,0.24853414195376275,-1.2790151003327381,-1.3448798770840429,1,0,0,False,True,False,False
139,-0.535513229732592,-1.4915231475745534,0.5627589558248757,0,0,1,False,False,False,False
140,2.6699891151939674,-1.2081790845854665,1.5366908077259875,1,0,1,False,False,False,False
141,2.375975368684989,-0.3581468956182059,1.0775637113958643,1,0,0,False,False,False,False
142,-0.702086571196853,0.2793772461072396,-1.4330827200027754,1,0,0,True,False,False,False
143,-0.29304504128772435,1.412753498063587,-0.7374362057970314,1,0,0,False,True,False,False
144,-0.6322640160662208,1.4835895138108588,1.4938030470750738,1,0,0,False,False,False,False
145,-0.6555975913080968,-1.066507053090923,-0.8276154748494776,1,0,0,False,False,False,False
146,-0.9618301007873535,1.2710814665690435,0.9825728416810985,0,0,1,False,False,False,False
147,-0.03293529083059887,0.6335573248435982,1.133258847042274,1,0,1,False,False,True,False
148,-0.28187210744547975,0.06686919886542443,0.0032276003299481167,1,0,0,True,False,False,False
149,-0.9461240921731594,1.1294094350745,-0.37074104598887236,1,0,1,False,False,True,False
150,-0.6644695530308349,1.6960975610526738,-0.15214024197400725,1,0,2,True,False,False,False
151,1.457120109900301,-1.562359163321825,-0.9170559368283896,0,0,0,False,False,False,False
152,-0.7187535989901503,-1.34985111608001,1.3535158882132166,1,0,0,False,True,False,False
153,-0.8394602382829707,-1.4206871318272816,-0.15044278144419262,1,0,2,False,False,False,True
154,-0.3088750791812016,-1.4206871318272816,1.329757146708998,1,0,0,False,False,False,True
155,3.3656912640098677,1.5544255295581304,-1.3327324207790867,1,0,2,False,False,False,False
156,-0.7153748109410591,-0.1456388483763907,1.6924578303217925,1,0,2,False,False,True,False
157,0.14675474504908748,1.6960975610526738,-0.17562432269933428,1,0,0,False,True,False,False
158,0.4746610279697164,-1.1373430688381947,-1.5310659409416016,1,0,1,True,False,False,False
159,-0.7213537210873299,0.7043933405908699,-1.5646877618777006,1,0,1,False,False,False,False
160,0.3397479353820383,-0.3581468956182059,0.8627309970825838,0,0,0,False,True,False,False
161,-0.5287764582114153,1.6960975610526738,0.563935973104231,1,0,0,False,True,False,False
162,0.028803624079282098,1.200245450821772,1.0544170545450042,0,0,0,True,False,False,False
163,0.03223366396305222,0.7043933405908699,-1.3338496526671313,0,0,0,False,True,False,False
164,-0.21102442069402313,-0.49981892711274933,-1.573088891962709,1,0,0,False,False,True,False
165,-0.9031435767649333,-0.570654942860021,0.04822312989080804,1,0,0,False,False,True,False
166,0.8550604363765991,-0.074802832629119,-0.36646907924728167,1,0,0,False,False,True,False
167,-0.6025529717310522,-1.562359163321825,-0.11161671773497861,1,0,0,False,True,False,False
168,-0.7881227499099055,0.49188529334905473,1.7038141402824667,1,0,1,False,False,True,False
169,-0.9576683886590989,0.7043933405908699,1.6323870158468359,1,0,2,True,False,False,False
170,-0.08099345601588318,0.916901387832685,1.5349229861464022,1,0,2,False,True,False,False
171,0.16393202914280577,-0.8539990058491079,0.991732416178817,1,0,0,False,False,False,True
172,-0.9832879462007643,1.5544255295581304,-0.4787382116021842,1,0,1,False,True,False,False
173,-0.26221111001976105,-0.0039668168818472824,-0.2823690473837005,1,0,1,True,False,False,False
174,-0.736280340801415,-1.1373430688381947,0.18888316866708543,1,0,0,False,False,False,True
175,0.0654494391901,-1.4915231475745534,1.1517759588739824,1,0,0,False,True,False,False
176,-0.8033774057099781,-0.7831629901018362,-1.4594895044698137,1,0,0,False,False,True,False
177,0.20751203814701052,0.8460653720854133,-0.24066828863845355,1,1,2,False,False,False,False
178,-0.49746455945956763,0.6335573248435982,-1.4118284724494414,1,0,0,False,False,False,False
179,1.8392948855602402,-0.9956710373436514,0.06905746546652566,1,0,0,False,False,True,False
180,-0.8482938183985219,1.1294094350745,1.3861126184991373,1,0,0,False,False,False,False
181,-0.5713581086145569,-1.562359163321825,0.9870785033385556,1,0,0,False,False,False,False
182,-0.876585447284938,0.20854123035996788,-0.9140474002516367,1,0,0,False,False,True,False
183,1.6601290331556326,0.2793772461072396,1.6503510111705766,1,0,0,False,False,True,False
184,1.1582309975886707,-1.1373430688381947,0.5924364988233667,1,0,0,False,True,False,False
185,-0.693582584423176,-1.562359163321825,-1.6592711204975183,1,0,1,False,True,False,False
186,0.10931504231122943,-0.0039668168818472824,-0.8195431578432549,1,0,0,False,False,True,False
187,0.7479017919826295,0.6335573248435982,-0.8013771934619024,0,0,0,True,False,False,False
188,-0.16704697538300448,-0.9248350215963796,-1.4576335165268532,1,0,0,False,False,False,False
189,-0.22450746881894723,1.200245450821772,1.59494517951624,0,0,0,False,True,False,False
190,-0.715650285885009,-1.1373430688381947,-0.055717212620073585,1,0,0,False,False,False,False
191,-0.8999574587001389,-0.7123269743545645,1.3755340830918268,1,0,0,False,False,False,True
192,1.3401088187408745,1.0585734193272285,-0.5905685540794994,1,0,1,False,False,True,False
193,1.3726709966527546,-0.0039668168818472824,-1.2657556352130783,1,0,1,True,False,False,False
194,0.031032141938917,-1.4206871318272816,-0.06915084491875927,1,0,1,False,False,False,True
195,-0.574532850946807,-0.9956710373436514,-1.3044091360468608,1,0,0,False,False,False,True
196,-0.5585650211081894,0.6335573248435982,-0.02911785713826097,0,0,0,False,False,False,True
197,0.33122602342883395,-0.074802832629119,1.459452055029023,1,0,2,False,False,True,False
198,1.3390534161943866,-0.7123269743545645,0.09000237095859973,0,0,0,False,True,False,False
199,1.2434129519534076,0.916901387832685,0.41813769028084363,1,0,0,False,False,True,False
200,0.5566287632200553,-1.2081790845854665,-1.158110432178522,1,0,0,False,True,False,False
201,0.05638211942570903,-1.4206871318272816,-1.54510287513347,1,0,0,False,False,False,True
202,-0.9100749241542125,1.6252615453054022,-1.3152017147646966,1,0,0,False,False,False,True
203,-0.819128061640234,0.06686919886542443,0.35654897813938785,1,0,2,True,False,False,False
204,1.3535933433985838,-0.49981892711274933,-1.3693459333299016,1,0,0,False,True,False,False
205,-0.04116361446481924,-1.34985111608001,-0.4062379605853618,0,0,0,False,False,False,True
206,-0.9909907865884519,0.8460653720854133,0.19051438085680175,0,0,2,False,False,False,False
207,-0.8904198694654005,1.6252615453054022,-0.3628440987009935,0,0,2,True,False,False,False
208,0.12001401012804577,-0.8539990058491079,-1.133961318532407,1,0,0,False,False,True,False
209,-0.9952758357854005,0.20854123035996788,-0.7565502307067197,1,0,0,True,False,False,False
210,-0.8201346201952034,-1.4206871318272816,1.4869430930311698,1,0,1,False,False,False,False
211,-0.18189693981814178,-0.8539990058491079,0.622023639693472,1,0,1,False,True,False,False
212,0.21070409991966466,-0.570654942860021,0.005269578075981744,1,0,0,False,False,True,False
213,0.08532255994994778,1.0585734193272285,-1.651431408933607,1,0,1,False,False,True,False
214,-0.7392373472097643,1.412753498063587,1.7066487863281705,1,0,0,False,True,False,False
215,0.28076619365670574,0.49188529334905473,0.6065054553595247,1,0,0,True,False,False,False
216,-0.7218777961513302,0.2793772461072396,-0.6087112476147232,1,0,0,False,False,False,True
217,-0.5955319324420498,-1.562359163321825,1.318820236347667,1,0,0,True,False,False,False
218,0.4113600131625506,1.0585734193272285,-0.8091980153242071,1,0,1,False,False,False,False
219,0.07846298529287886,0.6335573248435982,0.16969010837833776,0,0,0,False,False,False,True
220,0.9459134685775007,1.0585734193272285,0.4852205492677908,1,0,0,True,False,False,False
221,0.10216557441712422,0.13770521461269616,-0.9372836649789469,1,0,0,False,True,False,False
222,-0.13627411381583115,-0.8539990058491079,1.658599432149484,1,0,0,False,False,False,False
223,-0.8993083787476037,1.412753498063587,0.8695336972357629,1,0,0,False,False,False,False
224,-0.5288860152912934,0.5627213090963264,0.216980320335449,0,0,0,False,False,False,False
225,-0.683466802551339,-1.34985111608001,-1.0759968580578325,1,0,0,False,False,False,True
226,-0.7127458723634681,-0.074802832629119,-1.5104061093228256,1,0,1,False,False,True,False
227,2.7157814930859945,-0.4289829113654776,-0.5979574609531725,1,0,0,False,False,False,True
228,-0.48673560490651724,-0.6414909586072928,0.8866563323162926,1,1,0,True,False,False,False
229,1.2896285438691941,1.0585734193272285,-0.7718376256250838,1,0,1,False,False,True,False
230,0.025543042453417264,0.20854123035996788,0.15440151557794968,1,0,0,True,False,False,False
231,0.6289141144117177,0.5627213090963264,0.8001416497496132,1,0,0,False,False,True,False
232,-0.2819588424267183,1.6252615453054022,-1.3250193812994537,1,0,2,False,False,False,True
233,-0.11558367078041061,1.1294094350745,0.6539548303389928,0,0,0,False,False,False,False
234,-0.3026804513675418,-0.8539990058491079,-1.3801115663483037,1,0,0,False,True,False,False
235,-0.7770296141870929,1.2710814665690435,1.6131228281609162,1,0,0,False,False,False,False
236,0.3181567647782578,1.412753498063587,-0.020964732353205534,1,0,0,False,False,False,True
237,-0.6614331579984464,-0.0039668168818472824,-1.1785472693590653,1,0,2,False,False,True,False
238,-0.9751713384805254,1.200245450821772,-0.5214390538942675,1,0,0,False,False,False,False
239,0.06631818849425561,0.7752293563381416,-0.2779627252910216,1,0,1,False,False,False,True
240,-0.7999522337333431,0.13770521461269616,0.9037866632773986,1,0,1,True,False,False,False
241,1.9017823962732434,0.916901387832685,0.853190203646452,1,0,0,False,True,False,False
242,2.1656435714232765,-1.2790151003327381,0.4025102291794453,1,0,0,False,False,False,False
243,1.5339175667599017,-1.4206871318272816,-1.3319192679200798,1,0,0,False,False,True,False
244,-0.5249035094648996,1.2710814665690435,-1.175485464547275,1,0,0,True,False,False,False
245,-0.9844706667576031,1.412753498063587,-1.3736468868054657,1,1,0,False,False,False,True
246,1.7108819827440769,0.421049277601783,0.28333830102576635,0,0,2,False,True,False,False
247,-0.42547085212501273,-0.1456388483763907,1.3115185717734539,1,0,2,False,False,True,False
248,2.4982277117691503,1.200245450821772,-0.2080930892241934,1,0,0,False,False,False,True
249,2.408614097353275,-1.066507053090923,-1.143680885351226,1,0,0,False,False,False,True
250,0.9720763540067442,0.49188529334905473,0.2177655959870552,1,0,1,False,False,False,False
251,-0.6416818869474692,1.2710814665690435,1.0873968287797664,1,0,0,False,False,False,False
252,-0.5002080824876519,0.3502132618545113,0.8473229939273453,0,0,1,False,False,True,False
253,0.9590516024689572,0.9877374035799568,1.3262998005543662,1,0,0,False,False,False,True
254,-0.6083800553157384,0.421049277601783,-0.742459841401823,0,0,0,False,False,False,False
255,-0.8094324097148115,-0.49981892711274933,-1.0302058265316816,1,0,1,False,True,False,False
256,-0.1633385965854296,0.7752293563381416,1.3206979973915915,1,0,0,False,True,False,False
257,1.8299840541781338,-1.6331951790690968,0.5588794157175399,1,0,2,False,False,False,True
258,0.2246032607627793,-0.7831629901018362,-0.6292550897351392,1,0,2,False,False,False,False
259,-0.1320889981182689,-0.8539990058491079,0.8495029481505808,1,0,0,False,False,True,False
260,-0.8953258249691128,0.2793772461072396,1.098934906671464,1,0,0,False,False,True,False
261,-0.018492590220404847,-0.9248350215963796,0.41292255176717746,0,0,2,False,False,True,False
262,3.7427734658430882,0.9877374035799568,0.6628190803409282,1,0,2,False,True,False,False
263,-0.845231985867094,-1.6331951790690968,-0.4087503856173254,1,0,0,False,False,False,False
264,-0.24897610047004412,0.49188529334905473,0.15145183200905593,1,0,1,False,False,False,False
265,1.1585138413029294,-0.8539990058491079,0.10162566485458292,1,0,0,False,True,False,False
266,0.38839420720024104,1.4835895138108588,1.211805714769458,1,0,0,False,False,True,False
267,0.22794559509077875,0.13770521461269616,1.1840971601429382,1,0,1,False,False,True,False
268,0.24668293090937357,1.6960975610526738,1.1591317614715453,0,0,0,False,False,False,True
269,-0.542181953881791,1.1294094350745,-1.6572011057060074,1,0,2,True,False,False,False
270,-0.6429308113747941,-0.570654942860021,0.8741733040042666,1,0,0,False,False,False,False
271,0.7045802416662876,1.0585734193272285,0.9054709435103095,1,0,0,False,False,False,False
272,0.7086477274712051,0.421049277601783,0.630238188766425,1,0,0,False,False,False,False
273,1.0755337593019954,0.6335573248435982,0.8972043455898914,0,0,0,True,False,False,False
274,1.5144798447184746,-0.074802832629119,1.1909743869374727,1,0,0,False,False,False,True
275,-0.26379270511639413,1.412753498063587,-0.08291994618542269,1,0,0,True,False,False,False
276,-0.2842745753440356,0.7043933405908699,0.025843677765717988,0,0,0,False,False,True,False
277,0.6465316714471998,1.6252615453054022,-1.2675363508999693,0,0,0,False,False,True,False
278,0.07943545208581457,-1.34985111608001,-0.3740762509772471,1,0,0,False,False,False,False
279,0.2448960320372467,-0.4289829113654776,0.5102233274168688,1,0,1,False,True,False,False
280,0.633846322551222,0.3502132618545113,0.9799313236370907,1,0,0,False,False,False,False
281,1.2703576777667938,-1.2790151003327381,-0.9504948047612349,1,0,0,False,True,False,False
282,-0.5761419711565892,-1.066507053090923,-1.22260369743762,1,0,0,True,False,False,False
283,-0.5160051730102501,1.1294094350745,0.577668790850468,1,0,0,False,False,True,False
284,-0.89895964465259,0.49188529334905473,-1.6885701265574786,1,0,0,False,True,False,False
285,-0.11223177246139442,0.6335573248435982,-1.083613165984224,1,0,0,True,False,False,False
286,-0.9628386911609298,0.20854123035996788,-1.5953669221407427,1,0,0,False,False,True,False
287,-0.3558545615093996,-0.7123269743545645,-1.122988294581378,1,0,1,False,True,False,False
288,-0.1956859689100566,0.3502132618545113,-1.0735128954517699,0,0,1,False,False,False,False
289,-0.6531480786060457,0.8460653720854133,-0.3662004766139,1,0,0,False,False,False,False
290,-0.08114352897910723,0.2793772461072396,-0.31597315903900425,1,1,0,False,False,False,False
291,-0.968629746679472,-0.21647486412366243,1.30166072152042,1,0,0,True,False,False,False
292,-0.9613372922158125,-1.4915231475745534,0.05346889967827845,1,0,0,False,False,False,False
293,0.7786287205025112,-0.3581468956182059,0.7845718091176002,1,0,0,False,False,False,True
294,-0.5410578227450318,0.49188529334905473,-1.3380662777757237,1,0,0,False,False,True,False
295,-0.8606961646616245,0.7752293563381416,-0.9222863364759817,0,0,0,True,False,False,False
296,-0.24058302847436142,-1.4915231475745534,0.7144373463053904,1,0,0,False,False,False,False
297,0.5114505848614406,0.13770521461269616,-1.5140197079212532,1,0,0,False,False,True,False
298,-0.75038097055963,-0.570654942860021,-0.027122413141446294,1,0,0,False,True,False,False
299,0.0027917747508022497,-0.9248350215963796,0.3594192662249764,0,0,0,False,False,False,False
300,-0.9087176495813317,-0.21647486412366243,0.36893677551336757,1,0,0,False,False,True,False
301,-0.9459039241136374,-0.570654942860021,-1.6164078494650438,1,0,0,False,False,False,True
302,-0.22077347432626893,-1.066507053090923,-0.5909370248340973,1,0,0,False,True,False,False
303,-0.20019629499694166,-1.7040311948163684,0.48665978021251777,1,0,0,False,False,False,True
304,0.04324123832867181,-0.21647486412366243,-1.1842933010057948,1,0,0,False,False,True,False
305,0.3317354073940153,0.06686919886542443,0.6886346329832056,1,0,0,False,False,False,True
306,2.830230990900739,-0.49981892711274933,0.8617642301609499,1,0,0,False,False,True,False
307,-0.2533013104157449,-0.7831629901018362,1.670842730614227,1,0,0,False,False,True,False
308,-0.5992511787117399,1.5544255295581304,-0.9757467280385961,0,0,0,False,False,False,True
309,0.6307954753317349,0.2793772461072396,1.1332536086778178,1,0,0,False,False,True,False
310,-0.6755541157681509,-0.9248350215963796,0.08838600678736387,1,0,0,False,False,False,False
311,-0.4058775459628906,0.7752293563381416,-0.41491094727596173,1,0,0,False,False,True,False
312,-0.9164395414205206,0.7043933405908699,-1.2755478190646918,0,0,1,True,False,False,False
313,-0.9740796689372344,-0.9248350215963796,0.8260493766533669,1,0,0,False,False,True,False
314,2.3814999868389792,-1.2790151003327381,-0.8865740833493956,1,0,0,True,False,False,False
315,0.8593019468216407,0.2793772461072396,-0.42190541051751224,0,0,1,False,False,True,False
316,0.22441513263954904,-0.9956710373436514,-1.4806402421760574,0,0,1,False,False,True,False
317,-0.45950154403879506,0.5627213090963264,1.0517995483954228,0,0,0,False,False,False,True
318,-0.804712441729393,-1.34985111608001,0.9325910478022225,1,0,0,False,False,False,False
319,-0.8254792178104597,1.5544255295581304,0.8195718656322413,0,0,0,False,False,False,False
320,-0.7042010322621846,-0.7123269743545645,-0.6686232021290489,0,0,0,False,True,False,False
321,-0.18077268493788665,0.49188529334905473,-1.1003830266701438,1,0,0,False,False,False,True
322,0.2894408798088605,-0.9956710373436514,0.4903020576700473,1,0,0,False,False,False,True
323,0.1099607166665201,-0.1456388483763907,0.0056759115091548126,0,0,0,False,False,False,False
324,-0.662631798736832,0.06686919886542443,-1.0840248875937868,0,0,2,False,False,False,True
325,2.186775864588572,0.6335573248435982,0.656056859710625,0,0,2,False,False,False,False
326,0.37706028022243104,1.4835895138108588,1.7022306400574674,1,0,0,False,False,False,True
327,-0.16900359344461155,0.6335573248435982,0.8662009209638063,1,0,0,False,False,True,False
328,-0.027237485170363486,0.2793772461072396,0.8414079674483794,0,0,0,False,False,False,False
329,-0.4408001228411562,-1.4915231475745534,1.5623352278274938,0,0,1,False,False,False,False
330,-0.7076419951807871,-0.570654942860021,-0.9994168700475992,1,0,0,True,False,False,False
331,-0.5478178391641638,0.7043933405908699,0.24349923209608337,1,0,0,False,False,False,True
332,0.4585032104604232,-0.8539990058491079,1.6628820746767325,1,0,0,False,False,False,True
333,-0.9855809646469943,1.1294094350745,-1.1284417251479124,1,0,0,False,False,False,False
334,-0.8735648339211642,0.9877374035799568,0.7052118628654309,1,0,0,False,False,True,False
335,-0.9520464905216122,-0.7123269743545645,0.31294424310569435,1,0,1,False,False,True,False
336,-0.9577180869190444,0.2793772461072396,0.3152371632565636,1,0,0,False,False,True,False
337,0.9893763640067875,0.2793772461072396,0.6963639348303298,1,0,0,False,False,False,True
338,0.2507497620479052,-0.9956710373436514,1.4913969601764578,1,0,0,True,False,False,False
339,-0.33921129509544906,0.49188529334905473,0.9874110387529635,0,0,0,False,False,False,False
340,-0.894576130037562,-1.6331951790690968,-1.5025982550175982,1,0,1,False,True,False,False
341,-0.30450701988871187,1.5544255295581304,1.2278479473591024,0,0,2,True,False,False,False
342,-0.34058395975361105,-0.7831629901018362,-0.9219347461013525,1,0,2,False,True,False,False
343,-0.8048274835373125,-0.3581468956182059,-0.4030801438745186,1,0,1,True,False,False,False
344,-0.41522330754306,-0.21647486412366243,-0.11235065876556562,1,0,0,False,False,True,False
345,-0.47752891653441354,-0.9956710373436514,-0.04663149323796826,0,0,0,False,False,False,True
346,-0.01623779146936013,0.13770521461269616,-0.2033633058274423,1,0,0,False,True,False,False
347,0.036633463824954436,-1.562359163321825,1.5179146103176453,1,0,2,True,False,False,False
348,-0.9527996131824953,-0.570654942860021,0.7249793430325077,1,0,0,False,False,False,True
349,-0.517602648850258,1.3419174823163154,0.46842461186451334,1,0,0,False,True,False,False
350,0.01092468105215717,0.20854123035996788,-1.52417220593931,1,0,1,False,False,False,False
351,-0.28092581368913205,0.2793772461072396,1.4032937853967804,1,0,0,True,False,False,False
352,0.9967284696804156,-0.2873108798709342,1.4220666050197721,1,0,0,False,False,False,False
353,0.10541804295727149,1.5544255295581304,0.9792913359357289,1,0,0,False,False,True,False
354,-0.8175245468399097,-0.6414909586072928,-1.6709200076740036,0,0,0,False,False,False,False
355,-0.925207572484909,0.8460653720854133,-1.4986765059105407,1,0,0,False,False,False,False
356,0.057496756603198265,-0.3581468956182059,-0.9230234656986379,1,0,1,True,False,False,False
357,-0.9728539134753951,-1.34985111608001,-1.2447926232740174,1,0,0,False,False,True,False
358,-0.09378226890426211,-0.4289829113654776,-0.3279394454662651,1,0,2,False,False,False,False
359,1.8978445369021744,-1.4206871318272816,1.467424370001406,1,0,0,False,False,False,True
360,-0.11905422167835386,-1.562359163321825,-0.0769510873888127,1,0,0,False,True,False,False
361,-0.49505516172413055,-1.7040311948163684,-1.6490740822693153,1,0,1,False,False,False,False
362,0.05999979352779807,0.916901387832685,-0.7258576539960049,1,0,0,False,False,True,False
363,-0.36989843390167476,-0.7123269743545645,-1.5421575469531557,1,0,0,False,False,False,False
364,-0.188978543806807,0.6335573248435982,-1.570632097579765,1,0,1,False,True,False,False
365,1.919316950521658,0.7043933405908699,-0.7499398322703749,1,0,0,False,False,True,False
366,-0.4985254120220188,1.6960975610526738,-0.7503083551293935,0,0,0,True,False,False,False
367,2.3421099295163206,-0.0039668168818472824,1.0029885972131338,1,0,0,False,False,True,False
368,1.4249349137495269,-0.074802832629119,1.646387961653244,1,0,0,True,False,False,False
369,-0.7763286377102002,-0.9248350215963796,-0.422642042002276,1,0,0,False,False,True,False
370,-0.9265432201727177,-0.49981892711274933,-0.2249353535788458,1,0,0,False,True,False,False
371,-0.8912136424006273,-0.7123269743545645,1.2006371823904367,1,0,1,False,True,False,False
372,-0.9815771436611643,1.3419174823163154,-0.7759243498735741,1,0,2,False,False,True,False
373,-0.8984360230905903,-0.6414909586072928,-1.1589900813598257,0,0,0,False,False,False,False
374,0.18144512233634658,0.13770521461269616,1.2290874012867998,0,0,0,False,True,False,False
375,-0.9245211789115011,-1.2081790845854665,-1.535625530579699,0,0,0,True,False,False,False
376,-0.605282437990195,1.4835895138108588,0.4291052194008209,1,0,0,True,False,False,False
377,0.9166651663651166,-0.0039668168818472824,0.2313066430869204,0,0,0,False,False,False,True
378,-0.9762715977740735,-0.570654942860021,-0.5093160669015702,1,0,1,True,False,False,False
379,0.7325178364448454,0.2793772461072396,-0.6146512323262635,1,1,1,False,False,False,True
380,-0.6598837114485405,-1.2081790845854665,0.9506520811450341,1,0,0,False,False,True,False
381,-0.8711269015401631,-0.7123269743545645,-1.3987795516756998,1,0,0,False,False,True,False
382,0.2270001273601224,0.13770521461269616,-0.8833976360294907,1,0,0,False,False,True,False
383,0.019437007728241983,1.4835895138108588,0.8155714498689431,1,0,0,False,False,False,False
384,1.159344249393049,-1.2790151003327381,0.18444277234399134,1,0,0,False,False,False,False
385,0.3660278041506188,-1.562359163321825,-1.2563136725396813,0,0,2,False,False,False,True
386,0.673327189691806,0.2793772461072396,1.3286471807039866,1,0,0,True,False,False,False
387,-0.6596261091738653,1.3419174823163154,-0.34640830497727876,1,0,1,True,False,False,False
388,-0.7995410031286517,-0.074802832629119,1.1426375395441062,0,0,0,False,False,True,False
389,0.42823084414327156,-1.562359163321825,1.0049986213095663,1,0,0,False,True,False,False
390,0.6910359972253249,-0.3581468956182059,0.4453043617872975,1,0,0,False,False,False,False
391,3.7905450905369675,1.4835895138108588,-0.00010056206811883244,1,0,0,False,False,False,False
392,-0.4531028205243132,-0.7123269743545645,1.66255344897216,1,0,0,False,False,True,False
393,-0.521861900455254,-0.0039668168818472824,-1.198122756388747,1,0,0,False,False,False,False
394,0.5405718588002761,0.3502132618545113,0.7905735112157454,0,0,1,False,False,True,False
395,-0.5717683487584249,-0.7831629901018362,-1.0396770192684002,1,0,0,False,False,False,True
396,1.7464927130667656,-1.2790151003327381,-0.5355628319196186,1,1,0,True,False,False,False
397,1.0106064303034628,-0.570654942860021,-0.6368994111254959,1,0,1,False,True,False,False
398,-0.424012726498307,1.3419174823163154,1.551103591039132,1,0,1,True,False,False,False
399,0.42928876144659556,-0.3581468956182059,1.6207542924911011,1,0,1,True,False,False,False
400,0.4445643902899456,0.7752293563381416,-1.067699020993558,1,0,0,False,False,False,True
401,-0.8885262759950749,-1.1373430688381947,-1.6194846917388876,1,0,2,False,False,False,False
402,1.3949659854110765,0.916901387832685,0.7729289876467828,0,0,0,False,True,False,False
403,-0.2765349351693821,1.6252615453054022,-0.26228637541598415,1,0,0,False,False,False,False
404,0.8012425644767104,-0.21647486412366243,-1.3904995786646865,1,0,0,True,False,False,False
405,-0.603658775749453,-1.6331951790690968,0.6486628300306085,0,0,0,False,False,True,False
406,1.3233060248913386,-0.074802832629119,0.17342265551198188,1,1,0,True,False,False,False
407,-0.4933188232306611,-1.2081790845854665,1.6658645054737629,1,0,0,False,False,False,False
408,-0.9892858885198089,-0.9956710373436514,-0.9155313085582422,1,0,0,True,False,False,False
409,1.4252755569430982,-0.8539990058491079,-0.31031494376798197,0,0,0,False,False,True,False
410,-0.9020155672815894,-0.570654942860021,0.1646487891280647,1,0,0,False,False,False,True
411,-0.6047717043656777,-1.2081790845854665,1.0186646086976696,1,0,1,False,False,False,False
412,2.082734023655789,-0.2873108798709342,0.18621855039143922,1,0,2,True,False,False,False
413,2.0940271218240607,-0.49981892711274933,0.405799601979548,0,0,0,False,False,False,False
414,-0.12397710108924724,0.3502132618545113,-0.919858538216787,1,0,1,False,False,False,True
415,0.027493298424936856,-0.49981892711274933,1.2079356706073812,1,0,0,True,False,False,False
416,-0.38835612576937695,1.4835895138108588,-0.22581397213205195,1,0,0,True,False,False,False
417,-0.6434856390261581,1.5544255295581304,-1.2118520592796105,1,0,0,False,False,False,False
418,-0.5905408745258316,0.421049277601783,0.5815965806717853,1,0,0,False,False,False,False
419,0.14795694810249094,0.916901387832685,-0.9543291377237485,1,0,2,False,False,True,False
420,0.4355161387763369,0.49188529334905473,-1.3606026197983092,0,0,0,False,False,False,True
421,0.6128344246583367,-0.9956710373436514,1.2595842686783059,1,0,0,False,False,True,False
422,0.6032005173711292,1.412753498063587,-0.11773396708505554,0,0,0,True,False,False,False
423,-0.902106783190753,-0.0039668168818472824,0.8732760393835568,1,0,0,False,False,False,False
424,-0.29881617936733623,0.5627213090963264,-0.6989783895444793,0,0,1,True,False,False,False
425,-0.9395083889469725,0.916901387832685,1.002452279200642,1,0,1,True,False,False,False
426,-0.18008271460747863,1.1294094350745,-1.3113354348604436,1,0,0,False,True,False,False
427,-0.4011741168082856,-1.2081790845854665,-0.4748580541440142,1,0,1,False,True,False,False
428,1.249056945920677,-0.9956710373436514,1.6574495865103476,0,0,0,True,False,False,False
429,-0.5558654941622421,-0.21647486412366243,1.0265130173494061,1,0,2,False,False,False,False
430,-0.8724068523483256,-0.074802832629119,0.009410505379171184,1,0,0,True,False,False,False
431,-0.8417474323903239,1.1294094350745,-0.5303720994567236,1,0,0,False,True,False,False
432,0.47419079329343733,-0.570654942860021,1.294370875170373,1,0,0,False,False,False,False
433,-0.009876580270375591,-0.9248350215963796,0.1725391104324264,1,1,0,True,False,False,False
434,-0.890819231401334,1.4835895138108588,0.9046093249461741,1,0,0,False,False,False,True
435,-0.9101121707095907,0.49188529334905473,0.8898109599587208,1,0,0,False,False,False,True
436,0.24145766164246468,-0.7123269743545645,-1.6335020444460293,1,0,0,True,False,False,False
437,-0.9227758892527355,-0.6414909586072928,-1.2622586941748397,1,0,1,False,False,False,False
438,0.774343314143052,-0.21647486412366243,0.5659714279179572,1,0,0,True,False,False,False
439,0.2597610064703601,0.20854123035996788,-1.1410359749916583,0,0,0,True,False,False,False
440,-0.913205481785525,-0.3581468956182059,-0.8192694250217756,0,0,0,False,True,False,False
441,-0.9092908468410603,0.5627213090963264,1.5497392674214285,0,0,1,False,False,False,True
442,3.4391684780257332,-1.066507053090923,0.2251005593847385,1,0,0,False,True,False,False
443,-0.5181647979108301,1.0585734193272285,0.8782317306026545,1,0,2,False,True,False,False
444,-0.5241135450552249,0.49188529334905473,0.2175544988662063,1,0,1,True,False,False,False
445,0.7233049904437963,0.5627213090963264,0.19881505693232815,1,0,0,False,True,False,False
446,2.0263487153951076,-1.6331951790690968,-1.3722929971867712,0,0,0,False,False,False,True
447,3.391140192706126,0.5627213090963264,-0.5170531690763763,1,0,0,False,True,False,False
448,0.4396943879783179,0.5627213090963264,-0.7269366501275596,1,0,0,False,False,False,True
449,-0.5148897566845451,1.1294094350745,-0.35572976089325975,1,0,1,False,True,False,False
450,-0.9107927385807575,-0.8539990058491079,1.0414386661010222,0,0,2,False,False,False,True
451,0.5439545312136365,0.3502132618545113,-0.4201550209752408,1,0,0,False,True,False,False
452,-0.15961089302115922,0.5627213090963264,-0.14675063468503996,1,0,0,False,True,False,False
453,-0.4325747458888349,-0.8539990058491079,-0.3329254540456601,1,0,1,False,False,False,False
454,1.43590326132852,0.06686919886542443,-1.3748429641844244,1,0,0,False,False,False,True
455,-0.8792233228505087,-0.21647486412366243,-0.18316835952936483,1,1,0,False,False,False,True
456,-0.3024626829399557,0.9877374035799568,-1.0245316584625628,1,0,0,False,False,False,True
457,-0.9887490879051977,-1.6331951790690968,-1.0549897668038293,1,0,0,False,False,True,False
458,-0.34994171954200526,0.916901387832685,-1.3726899397163768,1,0,1,False,True,False,False
459,-0.9408779807003337,0.9877374035799568,-0.4724669173791969,1,0,0,False,False,False,True
460,-0.8703647017633556,0.06686919886542443,0.9013765854686872,1,0,0,False,False,True,False
461,-0.8718716240849442,1.4835895138108588,-0.7474656188284706,1,0,2,False,False,False,False
462,0.07722286313132648,-0.7123269743545645,-0.6243872234779331,1,0,0,False,False,False,True
463,0.40954952807453615,0.6335573248435982,0.5078564519977721,1,0,1,False,False,False,True
464,-0.09974261919131099,1.200245450821772,-1.0237380196480157,1,0,0,False,False,True,False
465,2.368475904559814,1.3419174823163154,1.379453039993638,1,0,0,False,True,False,False
466,-0.5171782010245275,1.6960975610526738,0.08802249088091678,0,0,2,False,False,False,False
467,-0.6543430115294788,1.0585734193272285,-0.1607830594383358,1,0,0,False,False,False,True
468,1.0874187504450077,-0.9956710373436514,0.21700419884781927,1,0,0,False,True,False,False
469,-0.7401301235342118,-1.562359163321825,-1.1259045628745232,1,0,0,False,False,False,False
470,2.3974360036435436,-1.34985111608001,0.4077635749543547,1,0,0,True,False,False,False
471,-0.9879154095852496,-1.1373430688381947,-0.4504278780462777,1,0,0,True,False,False,False
472,2.6028392831497458,-1.34985111608001,1.3802359536557036,1,0,1,False,False,False,False
473,-0.9551075053063922,-1.1373430688381947,-1.1162389277006615,1,0,2,False,False,True,False
474,1.2810546955967363,0.9877374035799568,0.0429850293865757,1,0,2,False,False,False,False
475,-0.2287626743810913,0.421049277601783,0.35511297263631303,1,0,0,False,False,False,False
476,4.098998245040691,0.49188529334905473,-1.5805860934403775,1,0,0,False,False,True,False
477,-0.9216285029831127,1.1294094350745,-0.4483973730097825,1,0,0,False,False,True,False
478,-0.1701566706972919,-0.9248350215963796,0.8162107182606843,1,0,1,False,True,False,False
479,2.583342119309122,-1.2081790845854665,1.1169613918023746,1,0,0,False,True,False,False
480,-0.23874115439996005,-1.2081790845854665,-0.6216009029383626,0,0,0,False,False,True,False
481,0.020701497666845942,0.20854123035996788,1.0422924418931,1,0,1,True,False,False,False
482,0.2236522964784383,-0.3581468956182059,1.6221243258224651,0,0,0,True,False,False,False
483,-0.37692318001815306,1.5544255295581304,1.2420587382396957,1,0,0,False,False,False,False
484,0.015604792366746067,-1.2790151003327381,-1.2917701423504506,0,1,2,False,False,False,True
485,-0.0974051401278283,-0.9956710373436514,0.840530299352684,0,0,2,False,False,False,False
486,1.3803440022545865,-0.3581468956182059,-0.5993045315861976,1,0,0,False,False,False,False
487,-0.9526461830221398,-0.6414909586072928,1.6929401651855556,1,1,0,False,False,False,True
488,-0.6611601630246864,-1.4915231475745534,-0.0313681838185296,1,0,2,False,False,True,False
489,2.0899597981389446,-1.34985111608001,-1.2753519590322029,1,0,0,True,False,False,False
490,1.2727777345694358,-0.21647486412366243,0.7906757256677357,1,0,0,False,False,False,False
491,-0.37481674302104173,0.06686919886542443,-0.5878411824019676,1,0,0,False,False,False,True
492,-0.004704535621942973,-1.562359163321825,1.7226311303197361,1,0,0,False,True,False,False
493,-0.6662724941098759,1.1294094350745,1.6633473549054842,1,0,0,False,False,False,False
494,-0.7860939359881791,1.200245450821772,0.5539905623115985,1,0,0,True,False,False,False
495,-0.3595050384196709,-0.7831629901018362,-1.2500128094942091,1,0,0,False,False,True,False
496,-0.5519953046948879,-0.9956710373436514,0.6593121996198025,1,0,0,False,False,False,False
497,-0.09903283306271907,-0.49981892711274933,-1.3761368561638934,1,0,2,False,False,False,False
498,-0.9172449583088557,-0.9248350215963796,-1.594363376118498,1,0,1,False,False,False,True
499,2.7699475866423904,-0.1456388483763907,1.1258079722463434,1,0,1,False,True,False,False
500,3.406666191616246,-0.9248350215963796,-0.9760519514655276,1,0,0,False,True,False,False
501,0.2318441187105441,-0.8539990058491079,-0.3958376304406414,1,0,0,False,False,True,False
502,-0.21031128520614667,-0.0039668168818472824,1.64166717310679,1,0,0,True,False,False,False
503,-0.6194568757527904,1.412753498063587,-0.5404390328517261,1,0,2,False,False,True,False
504,0.7287902118944081,-0.4289829113654776,-0.6787475814175538,1,0,0,False,False,False,False
505,0.18705682927328227,1.4835895138108588,1.4522910509581382,1,0,0,False,False,False,False
506,-0.8179146759500355,0.7752293563381416,-1.3154057183245176,1,0,1,False,True,False,False
507,1.4874075881549251,1.412753498063587,0.9085764719836282,1,0,0,True,False,False,False
508,0.7782615913463307,-1.2081790845854665,1.691739035130638,1,0,0,False,False,False,True
509,2.077349526158357,0.2793772461072396,1.39432250423946,1,0,2,True,False,False,False
510,0.33033980460543916,0.49188529334905473,0.5386822925943134,1,0,1,False,False,False,False
511,-0.02273805947667008,1.3419174823163154,-0.6185201215808772,1,0,0,False,False,False,True
512,-0.4432026973837363,-0.49981892711274933,-0.8232844606907025,0,0,2,True,False,False,False
513,1.7762043783328438,-1.34985111608001,1.1131141774483464,1,0,0,True,False,False,False
514,1.0677585694568879,-0.49981892711274933,1.3207166027632002,1,0,1,False,False,False,True
515,-0.9528915712128616,-0.4289829113654776,0.10599847398605441,1,0,0,False,False,False,False
516,-0.97300643633047,-0.21647486412366243,-0.8574995006838743,1,0,0,True,False,False,False
517,-0.5145535899551271,0.8460653720854133,-1.3078828167905792,1,0,0,False,False,False,True
518,0.7110340112248031,0.49188529334905473,-1.3961921583371806,1,0,1,False,False,False,False
519,3.489390417804233,1.1294094350745,0.7697392336657651,1,0,0,False,False,False,True
520,-0.8327951227944355,-1.562359163321825,-0.25498959357487117,0,0,0,False,False,False,True
521,-0.07281903889249727,0.20854123035996788,1.4082520463802666,1,0,0,True,False,False,False
522,-0.5072225551555517,-1.066507053090923,0.8403279599288671,1,0,1,False,False,False,False
523,2.6040549240111233,0.7043933405908699,-1.039438054986112,1,0,0,True,False,False,False
524,0.8985454064109427,0.2793772461072396,0.4088065439266456,1,0,0,False,False,True,False
525,0.8741394525120438,-0.7123269743545645,-0.20224912733543218,1,0,0,False,False,True,False
526,-0.34987875650022354,0.5627213090963264,0.28360205082426393,1,0,0,False,False,False,False
527,-0.44923914630483286,-1.2790151003327381,0.834836240674779,1,0,0,False,False,False,True
528,-0.6719148758948229,-0.9248350215963796,1.0683515989201213,1,0,0,True,False,False,False
529,-0.9407992451778332,1.6960975610526738,1.1970309075023133,1,1,0,True,False,False,False
530,1.0575054840682632,0.3502132618545113,-0.8244742241007835,0,0,0,False,False,False,False
531,0.7238626271283992,-0.2873108798709342,-1.5883600325958012,1,0,1,False,False,False,False
532,7.407166162952288,0.421049277601783,0.8390372212363975,1,0,0,False,False,True,False
533,4.858285222705645,-0.074802832629119,-1.3305035974143027,1,0,0,False,True,False,False
534,-0.16651279904903565,-0.3581468956182059,-0.6155764690901265,0,0,2,False,False,False,False
535,0.5069601068057183,0.8460653720854133,-1.6819298902796702,1,0,0,False,True,False,False
536,1.979032107684605,-1.4915231475745534,0.6415174506775053,1,1,2,False,False,False,False
537,0.9488104532883161,0.20854123035996788,-1.1221420272226141,0,0,0,False,False,False,True
538,-0.7081654883760595,1.3419174823163154,0.5510715385560555,1,0,0,False,False,False,True
539,-0.38443424143285276,-0.3581468956182059,1.704342713886794,1,0,0,False,False,True,False
540,-0.858219575369388,-0.074802832629119,-1.4459226924251265,1,0,2,False,False,True,False
541,2.168381543938776,1.6960975610526738,-1.4308165140168376,1,0,0,False,True,False,False
542,-0.04182845885447997,0.49188529334905473,-0.5283065192354749,1,0,0,False,False,False,False
543,-0.7334207614434124,1.1294094350745,1.2746646214020416,1,0,2,True,False,False,False
544,0.14539112461093792,0.7752293563381416,-0.9562506303952353,1,0,0,False,False,True,False
545,-0.010118596026827568,0.6335573248435982,-0.45976111055753477,1,0,0,True,False,False,False
546,-0.5443134661316439,0.7752293563381416,-1.46020048988837,0,0,0,True,False,False,False
547,-0.8764878813716275,-1.6331951790690968,0.9208230935602576,1,0,1,False,False,False,False
548,0.1449916942984854,-0.7123269743545645,-0.295478432764502,1,0,0,False,True,False,False
549,-0.24474256170897424,0.6335573248435982,0.9074327405127044,1,0,0,False,False,False,False
550,0.5219021227249966,0.7752293563381416,1.4022466835678786,1,0,0,False,False,True,False
551,-0.24505177620796134,-1.34985111608001,-0.8971808126583704,1,0,0,True,False,False,False
552,0.9662977840282406,0.9877374035799568,1.0724653027244093,0,0,2,False,False,False,False
553,-0.17463757539648392,1.200245450821772,-1.4924599681583604,1,0,2,False,False,False,False
554,-0.15369110470136602,-0.9248350215963796,1.3859294586589164,1,0,1,False,False,False,False
555,1.1524954738320945,-1.562359163321825,0.5355995541381908,1,0,1,False,False,True,False
556,-0.46897902106080686,1.412753498063587,1.3015381947706584,1,0,0,False,True,False,False
557,-0.8524670282118089,-0.49981892711274933,-1.6943679583986948,1,1,0,False,False,False,False
558,-0.9704507321308637,1.0585734193272285,-1.1154613161581768,1,0,1,False,False,True,False
559,0.4470586363484417,-0.2873108798709342,-0.3590510886101791,1,0,0,True,False,False,False
560,-0.004225186802594535,-0.7123269743545645,-0.39420682814287605,1,0,0,False,False,False,True
561,0.25221550447401625,0.5627213090963264,-0.917859076771644,1,0,1,False,False,True,False
562,-0.7541221454392188,0.7043933405908699,-0.38697776824083174,1,0,0,False,False,False,True
563,-0.849664013869985,0.06686919886542443,-1.2533641592768057,1,0,1,False,False,False,False
564,-0.9854231530885798,-1.2081790845854665,-0.28020893950459275,0,0,0,False,False,False,False
565,-0.5563843683950545,0.7752293563381416,1.0551840655465208,1,0,0,False,False,True,False
566,-0.08344301500919947,1.6252615453054022,-0.05292446317639597,1,0,0,False,False,False,True
567,-0.4881816907933302,0.3502132618545113,-1.633315544177292,1,0,0,False,False,False,False
568,-0.4086180850739096,-0.1456388483763907,-0.250446868786404,1,0,1,True,False,False,False
569,1.4120600597311141,1.200245450821772,-1.601867013927061,1,0,0,False,True,False,False
570,-0.5600721877271793,1.3419174823163154,1.6169401053408565,1,0,0,False,True,False,False
571,-0.2582045777863353,-0.7831629901018362,-1.2581448968156757,1,0,0,False,False,False,False
572,0.574436507187115,-0.7831629901018362,0.73070119975686,1,0,0,False,False,False,True
573,-0.4808791269479354,-1.6331951790690968,1.639332706744672,0,0,0,False,False,False,False
574,0.0006013510805984126,0.8460653720854133,1.1363672401283733,1,0,2,False,False,False,True
575,1.0397224817556567,-1.4206871318272816,0.7020015703149853,1,1,0,True,False,False,False
576,2.0716417324640566,0.916901387832685,1.182372804577358,1,0,1,False,False,False,True
577,-0.836835797305783,1.412753498063587,1.6702583242411602,1,0,1,False,False,False,False
578,1.686334537076022,1.1294094350745,0.43474391556794006,1,0,0,True,False,False,False
579,-0.303493860033443,1.5544255295581304,0.2216816346775897,1,0,0,False,False,True,False
580,-0.6931627547730911,-0.7831629901018362,0.4583728774244436,1,0,1,False,True,False,False
581,-0.3682204978193584,0.9877374035799568,0.13081807124870565,1,0,0,False,False,False,False
582,3.0257983686487897,-0.0039668168818472824,0.4818557600808058,1,0,0,False,False,False,False
583,-0.302476897313845,-0.3581468956182059,-0.1531076114064026,1,0,0,False,False,False,False
584,-0.5904074440595619,-1.6331951790690968,-0.9462647803829488,1,0,2,True,False,False,False
585,0.03187199248442126,0.9877374035799568,-1.282847126529943,1,0,2,False,False,True,False
586,-0.7179635814998869,-1.34985111608001,-1.4607642408713986,1,0,1,False,False,False,True
587,-0.9193302776832791,-0.570654942860021,-0.792456763876176,1,1,0,False,False,True,False
588,-0.8585499424824294,-0.0039668168818472824,-1.5369178341440635,1,0,0,True,False,False,False
589,-0.859534276334405,0.20854123035996788,0.24905483473835507,1,0,0,False,False,False,False
590,-0.8309943519232393,-1.6331951790690968,-0.7221463296754227,1,0,0,False,True,False,False
591,-0.8467345427089125,0.7043933405908699,1.1312112046673828,0,0,0,False,False,False,False
592,0.053062608673084474,0.8460653720854133,-1.4405412615911934,1,0,2,False,False,False,True
593,-0.7939721450294273,-1.4206871318272816,-0.9191577779868301,1,1,2,False,True,False,False
594,-0.5641495568352219,-1.7040311948163684,0.8080217383589821,0,0,0,False,False,False,False
595,1.3358403005155264,1.0585734193272285,0.35749748259497555,1,0,0,False,True,False,False
596,-0.3396263599187964,-0.9248350215963796,-1.4739595809257067,1,0,0,False,False,True,False
597,0.13248973344384768,0.7752293563381416,1.3118648190732303,0,0,0,True,False,False,False
598,-0.8059243661502182,1.412753498063587,1.3119412753041368,1,0,1,False,False,False,False
599,-0.7807989822054413,-0.1456388483763907,-0.5624874485247107,1,0,1,False,False,False,True
600,-0.9575681308749422,1.5544255295581304,-0.5282182546512477,1,0,0,False,False,True,False
601,-0.8101230023018723,0.421049277601783,1.6950391576645565,1,1,0,False,False,False,False
602,-0.6645495946949057,-0.9956710373436514,0.45130525215586415,1,0,0,False,False,True,False
603,-0.8000774907261146,-1.066507053090923,0.12615862620039683,1,0,0,False,False,False,True
604,-0.9049370014445308,-1.562359163321825,1.177886937067114,1,1,0,False,False,False,False
605,-0.8682400437259737,-0.7831629901018362,-0.7171354633106319,1,0,0,False,False,False,True
606,-0.36509055706725163,-0.6414909586072928,-0.22392174471179116,1,0,0,False,True,False,False
607,-0.7627528905452277,-1.066507053090923,-0.7771663439688963,1,0,1,False,False,False,True
608,-0.5344776410518434,0.2793772461072396,1.0099612938405944,1,0,0,False,True,False,False
609,-0.2803437988500285,-1.066507053090923,0.2702328569431375,1,0,0,False,False,False,False
610,0.20570643001319983,-0.9248350215963796,0.5632145738641089,1,0,0,False,True,False,False
611,-0.9592362825210154,0.3502132618545113,-0.8301902745955015,1,0,0,False,False,False,False
612,0.6522355576834006,1.1294094350745,-0.9401562842086761,1,0,0,False,False,False,False
613,0.016550775000087056,-1.7040311948163684,-0.0210315754308107,1,0,0,True,False,False,False
614,-0.9127459457849922,-1.4206871318272816,0.8331108449368606,0,0,0,False,False,False,False
615,1.1271628100655706,-0.3581468956182059,0.1053295489225052,1,0,0,False,True,False,False
616,1.6092075788046871,-1.2081790845854665,-1.5831154468006912,1,0,1,True,False,False,False
617,-0.935659592004817,1.2710814665690435,1.2820854779920818,1,0,0,True,False,False,False
618,-0.6669891195408502,-0.9248350215963796,-1.4732890543208477,1,0,1,False,False,False,False
619,0.6876677659176816,-1.7040311948163684,1.5812275666694504,1,0,0,False,False,False,True
620,0.41856116465676413,-0.3581468956182059,-1.6088356447549395,1,0,0,False,False,False,True
621,-0.7906458108457283,0.20854123035996788,0.6853262823517856,1,0,0,True,False,False,False
622,-0.7588364988130668,1.2710814665690435,-1.413235868756205,0,0,0,False,False,False,False
623,-0.5243914708957798,0.8460653720854133,1.4264759036726478,1,0,2,False,False,False,True
624,-0.3187612030353906,1.5544255295581304,-0.10309452834726075,1,0,1,False,False,False,False
625,-0.009777658475204953,0.8460653720854133,-1.2236289939632026,1,0,2,False,False,False,False
626,-0.5269351820299408,-0.9248350215963796,-0.5268134061488159,1,1,2,True,False,False,False
627,-0.36173491204082253,0.8460653720854133,-1.1300507908297535,1,0,0,True,False,False,False
628,0.41534282704086095,1.6960975610526738,-1.110316942893481,1,0,0,False,False,True,False
629,-0.9620477142935666,1.6960975610526738,1.5547791819635504,1,0,0,False,False,False,True
630,-0.7011860509094804,1.3419174823163154,-0.16886146448617145,1,0,2,False,False,False,True
631,0.28495805323342766,0.20854123035996788,1.0087321943408125,1,0,1,False,False,False,True
632,1.3201952357124038,1.5544255295581304,0.4973366328838139,1,0,0,False,True,False,False
633,-0.26308708918352003,-0.7123269743545645,0.6235458180643173,1,0,1,False,False,False,False
634,-0.21910627007497854,-1.34985111608001,-1.2436134043027849,1,0,0,True,False,False,False
635,-0.8838722530323602,1.3419174823163154,-0.8923090805620714,1,0,0,False,False,False,True
636,-0.3902814058894946,-0.3581468956182059,1.0016988803569025,1,0,0,False,False,True,False
637,-0.2179979669407551,-0.7831629901018362,1.6324427112218027,1,0,0,False,False,False,True
638,-0.7148110491641898,-1.6331951790690968,-0.7946509500690138,1,0,1,False,False,False,False
639,-0.6777936228748305,-1.1373430688381947,-0.7641683515056441,1,0,0,False,False,False,False
640,-0.5131984548105458,0.8460653720854133,-0.07408316906618036,1,0,0,True,False,False,False
641,-0.9796374036399894,-0.3581468956182059,1.677256301943625,1,0,0,False,True,False,False
642,-0.600583402507834,0.06686919886542443,-0.7731139232899418,0,0,0,True,False,False,False
643,-0.7561020953589683,0.2793772461072396,-0.3000524157333316,1,0,0,False,False,False,True
644,-0.5923279756620315,-1.7040311948163684,1.3606766108664679,1,0,0,False,False,True,False
645,-0.8692617373360253,0.7043933405908699,-1.6850014215056517,1,0,0,True,False,False,False
646,1.2752509993267305,-1.34985111608001,-1.5587095227552796,1,0,0,False,True,False,False
647,-0.07418250008772151,0.8460653720854133,0.37553856173916733,1,0,0,True,False,False,False
648,0.16885086451920933,-1.4206871318272816,1.415176914975968,1,0,1,False,False,False,False
649,0.6010174431450352,0.5627213090963264,-0.8762943212101393,0,0,0,False,False,False,True
650,-0.2905994796715936,1.6960975610526738,-0.08524142972676446,1,0,0,False,False,False,True
651,-0.9069470488596693,-0.7831629901018362,-0.1509718581411648,1,0,0,False,False,False,True
652,-0.2080686142612382,-0.9248350215963796,-0.0738287911633551,0,0,0,False,False,False,True
653,-0.09113245638567306,1.200245450821772,0.43877209630906977,1,0,0,False,False,False,True
654,0.407099928075602,-0.3581468956182059,-0.08489184848208511,1,0,1,False,False,False,True
655,-0.41919901582706953,-0.074802832629119,-0.16124510456321167,0,0,2,False,False,True,False
656,-0.8600833961164135,1.2710814665690435,-0.06931430822172437,1,0,2,False,True,False,False
657,-0.6571279000966159,0.6335573248435982,0.33027893161873706,0,0,0,False,False,False,True
658,-0.5363976460906889,-0.0039668168818472824,0.14566532850390632,1,0,0,False,True,False,False
659,0.06761015861040358,0.2793772461072396,1.2326740163773537,1,0,1,False,False,False,True
660,-0.130371565618655,0.9877374035799568,-1.5253553460237559,1,0,0,True,False,False,False
661,-0.5476196646068688,0.421049277601783,1.1613138170778878,1,0,0,False,False,False,True
662,3.4296390892847595,1.5544255295581304,1.197672860924929,1,0,1,False,False,False,False
663,-0.04287235759910347,1.2710814665690435,-0.7184459153815831,1,0,0,False,False,True,False
664,-0.7219078677449877,-0.1456388483763907,-0.10851462260717162,1,0,0,True,False,False,False
665,-0.8900638048378255,1.3419174823163154,-0.19185291771272703,1,0,0,True,False,False,False
666,-0.8298334838763078,0.916901387832685,-0.9460363218063155,1,0,0,False,False,False,False
667,-0.710064202931614,-0.3581468956182059,-0.3349290700389253,0,0,0,False,False,False,True
668,-0.8202899056882139,-0.1456388483763907,-1.54286753941571,1,0,0,False,False,True,False
669,-0.7880613945553948,1.412753498063587,-0.7427341380622169,0,0,0,True,False,False,False
670,-0.6552311682423482,-0.6414909586072928,1.104295050338602,1,0,0,False,False,True,False
671,-0.8046137841148067,1.200245450821772,-0.7196309251818213,1,0,0,True,False,False,False
672,1.3356112157554925,-1.2081790845854665,1.1095204949467883,1,0,1,False,False,False,True
673,-0.9144534330710032,-0.2873108798709342,0.12712846213976975,1,0,0,True,False,False,False
674,-0.23568730137854382,-1.7040311948163684,1.3208563258689323,1,0,0,True,False,False,False
675,-0.4569852345051047,-1.2081790845854665,0.27513512577051186,0,0,0,False,True,False,False
676,3.154384835130077,0.2793772461072396,-1.5933211482548746,1,0,2,False,False,False,True
677,-0.8782489248897836,0.49188529334905473,0.6200970615904544,1,0,0,False,False,False,False
678,-0.47863858191815295,0.916901387832685,-1.5412709496300905,1,1,0,False,False,False,False
679,2.588984413776882,-1.4206871318272816,-0.1505203759414785,1,0,0,False,False,False,True
680,1.0634908557258675,1.5544255295581304,1.4907449219010878,1,0,1,False,False,False,False
681,0.7470571224916771,-0.21647486412366243,-1.1287508028399589,1,0,0,False,False,False,True
682,-0.6936363758463959,1.5544255295581304,-0.3586638812393785,1,0,0,False,False,False,False
683,-0.8077031135875643,0.6335573248435982,0.8066992160738262,0,0,0,False,True,False,False
684,0.13585437946025108,-1.7040311948163684,1.329068583430907,0,0,0,False,False,False,False
685,1.726171363588667,0.06686919886542443,0.6047507328838151,0,1,1,True,False,False,False
686,-0.1634276583772805,1.2710814665690435,-0.8100836064578394,1,0,1,False,False,False,True
687,-0.12836972076823444,-1.066507053090923,0.6173125861633012,1,0,0,False,False,True,False
688,-0.6625672227044261,0.3502132618545113,-0.6779322788380109,1,0,1,False,False,True,False
689,0.5092138261697124,-0.49981892711274933,0.7675173643867623,1,0,0,False,False,False,True
690,-0.7874582849745001,-0.570654942860021,1.575087407000749,1,0,0,False,True,False,False
691,-0.598152337991621,0.06686919886542443,0.7776777069541035,1,0,0,False,False,False,False
692,-0.4304025507268676,-1.2081790845854665,1.2626472067784815,1,0,0,False,True,False,False
693,-0.27161995848333104,1.5544255295581304,-1.6878024690331566,0,0,1,False,False,True,False
694,-0.7148935777144314,1.0585734193272285,0.764579499613262,1,0,0,False,False,False,True
695,-0.8750021655104231,1.6960975610526738,1.1485303092527863,1,0,0,False,False,False,True
696,-0.030149775439210227,-0.9248350215963796,-1.5559921680213715,1,0,0,False,True,False,False
697,-0.6501309621545655,0.13770521461269616,1.2925268875791698,1,0,0,False,True,False,False
698,-0.10499013518252363,-1.2081790845854665,-0.8151532042241324,1,0,0,False,False,False,False
699,-0.8280058941489798,-0.0039668168818472824,0.5853813598404919,1,0,0,True,False,False,False
700,-0.32549065615615347,1.4835895138108588,1.0483306304092948,0,0,1,True,False,False,False
701,-0.2180592318439435,-1.4915231475745534,0.5763748785591374,1,0,0,False,False,False,False
702,-0.9457500641037344,0.5627213090963264,-1.3786928429425933,1,0,0,True,False,False,False
703,-0.5783011841144211,-1.7040311948163684,0.3489736548936529,1,0,2,False,False,True,False
704,-0.8519923777151087,-0.4289829113654776,0.18877215705556952,1,0,1,True,False,False,False
705,-0.9331396619947016,0.421049277601783,1.390981417731366,1,0,0,False,False,False,False
706,3.733135389851579,-0.6414909586072928,-0.3094173996402876,1,0,1,True,False,False,False
707,-0.6001664771358808,-0.7831629901018362,-0.5944569133096158,1,0,0,False,False,False,True
708,0.7073539467089925,1.6252615453054022,0.8752196999203083,1,0,0,False,True,False,False
709,-0.6981488688023935,-1.4206871318272816,-0.28050304363661005,1,0,0,False,False,True,False
710,0.17657536197551277,1.1294094350745,0.5195842499006099,1,0,2,False,False,False,True
711,0.46867207466375094,0.06686919886542443,0.520797350578831,1,0,0,False,False,False,True
712,-0.06898943609311443,0.20854123035996788,1.348882200057679,1,0,0,False,False,False,False
713,-0.3442810802590641,-1.6331951790690968,0.3571002371529063,0,0,0,False,True,False,False
714,-0.45446239735983684,-1.34985111608001,0.026198085716241146,1,0,1,False,True,False,False
715,-0.5591044258679452,-1.1373430688381947,-1.2190100453940151,1,0,0,False,False,True,False
716,1.7284048005779986,0.5627213090963264,-1.2983045697862383,1,0,0,False,False,False,False
717,0.826215739897773,1.1294094350745,-1.1660518804641908,1,0,0,False,False,True,False
718,2.4491901872278836,-0.0039668168818472824,-1.1059755724287585,1,0,1,True,False,False,False
719,-0.8639476286747172,1.6252615453054022,0.4914120305967533,1,0,2,False,False,False,True
720,0.3498325011064762,-0.8539990058491079,0.8448180215202942,1,0,0,False,False,True,False
721,1.8658204245029395,-1.1373430688381947,0.12161698486055648,0,0,0,False,False,False,True
722,-0.7947854456604119,-0.8539990058491079,1.1465771452578217,1,0,2,False,False,False,False
723,-0.9297055282859716,0.421049277601783,1.7026995264987643,1,0,0,True,False,False,False
724,0.38979222362838356,1.1294094350745,1.1157107129681465,1,0,1,False,False,False,False
725,-0.12147731263822217,-0.9956710373436514,0.6868067488199998,1,0,1,True,False,False,False
726,0.8966564951921953,-1.4915231475745534,0.13019016739490122,1,0,0,True,False,False,False
727,-0.8456047548634151,0.6335573248435982,-0.15649803427198233,1,0,0,False,False,False,True
728,0.6312030079636848,0.916901387832685,-1.4057453457874038,1,0,0,False,False,False,False
729,-0.7688354937124576,1.4835895138108588,-0.3261134669487629,1,0,0,False,False,False,False
730,-0.816637397311426,-1.4915231475745534,1.424618308549939,1,0,0,False,False,True,False
731,-0.8158869446863265,0.916901387832685,1.0746130729586874,1,0,0,False,False,False,False
732,0.7331070983015774,-0.4289829113654776,-0.954463118690683,1,0,0,False,False,True,False
733,0.12521064547263944,-1.34985111608001,-0.09564091565840327,1,0,0,False,True,False,False
734,-0.23881108772392662,0.6335573248435982,1.1044356773126456,1,0,0,False,True,False,False
735,-0.5432425667442436,-0.49981892711274933,-1.4640423888465413,1,0,0,False,True,False,False
736,1.1570674044702955,-0.8539990058491079,-0.36716368018677403,1,0,1,False,False,False,False
737,-0.48784128530619053,1.1294094350745,1.22480835678648,0,0,0,False,False,False,False
738,0.7444024838305304,-0.1456388483763907,-0.3105891982314521,1,0,1,False,False,True,False
739,-0.405577707700027,-0.4289829113654776,-1.4289771193331957,1,1,0,True,False,False,False
740,-0.5137595718816371,1.412753498063587,0.16460959430562666,1,0,0,False,False,True,False
741,-0.361457191722311,-0.9956710373436514,1.2587465023630746,1,0,1,False,True,False,False
742,-0.63152862711262,-1.7040311948163684,0.32828438206406485,1,0,0,False,False,True,False
743,0.41590698268286436,-0.074802832629119,-0.9194058930155944,1,0,0,True,False,False,False
744,-0.2817865304351126,-1.2790151003327381,-0.3779709738376634,1,0,0,False,False,False,False
745,-0.7286484431478158,-0.0039668168818472824,-0.15214391381299702,0,0,0,False,False,True,False
746,1.3639936570466649,-0.2873108798709342,0.29051434887794764,1,0,0,False,True,False,False
747,-0.5022246898234176,-0.7123269743545645,0.9077833650746711,1,0,0,False,True,False,False
748,-0.1936409602543818,-1.7040311948163684,-1.35610858947875,1,1,0,False,False,False,False
749,1.4371974000187075,-0.9248350215963796,1.354410908112937,1,0,0,False,False,True,False
750,0.006474489382196281,-1.2790151003327381,-1.6528202520826054,1,0,0,True,False,False,False
751,-0.872603721758152,-0.7123269743545645,-0.4266001639090345,1,0,0,False,False,False,False
752,1.891014690309553,-0.2873108798709342,-1.6010262299142872,1,0,0,False,False,True,False
753,0.01601914029437255,-0.4289829113654776,-0.3480317174550513,1,0,0,False,False,False,True
754,-0.5809320729806626,0.2793772461072396,0.10729305428201434,1,0,2,False,True,False,False
755,-0.8462029150848794,-0.0039668168818472824,0.05885606397379203,1,0,0,True,False,False,False
756,0.624980200292981,0.5627213090963264,-1.1272960776003353,1,0,0,True,False,False,False
757,-0.004866590525523235,1.6960975610526738,0.518365151537618,1,0,0,True,False,False,False
758,-0.2161388977146471,0.49188529334905473,-1.5415284269405876,1,0,2,False,True,False,False
759,1.3073730933761714,1.6960975610526738,0.916543759090974,1,0,0,False,False,True,False
760,0.5982201664795179,0.7043933405908699,1.5497614779515476,1,0,2,False,False,False,False
761,-0.8312706635841008,1.3419174823163154,-0.5304017295572349,0,0,0,False,False,True,False
762,-0.6161820065649324,0.916901387832685,0.07790698124983822,1,0,0,False,False,False,False
763,-0.7066046475602583,0.06686919886542443,-0.3962381461989703,1,1,1,True,False,False,False
764,0.40108300885268594,-0.9956710373436514,-1.6720127919697712,1,0,0,False,False,True,False
765,-0.9654071108836833,0.7043933405908699,-0.3723671516986843,1,0,0,True,False,False,False
766,-0.13249925573609075,-1.2081790845854665,1.0187340901342308,1,0,1,False,False,False,True
767,0.47828860444859367,1.4835895138108588,0.34783335237456464,1,0,2,True,False,False,False
768,1.1534303289535994,-0.7831629901018362,-1.3479291749288382,1,0,0,True,False,False,False
769,-0.569771563088959,-1.066507053090923,1.2086923663184008,1,0,0,False,False,False,False
770,0.7708682024464306,-1.6331951790690968,0.1253662345727828,1,0,1,False,False,False,True
771,-0.8798779601785393,1.4835895138108588,1.190127721505083,0,0,0,True,False,False,False
772,0.9271771725188431,-1.1373430688381947,0.2937883295650236,1,0,1,True,False,False,False
773,-0.8601914554382352,-1.562359163321825,0.22340793450511373,1,0,0,False,False,False,True
774,-0.47960909602944324,-0.2873108798709342,-1.3342210353571586,1,0,0,False,False,False,True
775,0.6414447893572113,0.06686919886542443,-1.1213614747852594,1,0,2,False,False,True,False
776,-0.8333997583904506,-1.2081790845854665,1.6367583065468567,1,0,0,False,False,False,False
777,-0.7326087471058194,1.6252615453054022,-0.9118388588231987,1,0,0,False,False,False,True
778,0.31741737379254054,-1.6331951790690968,1.6553597423012711,1,0,0,False,False,False,True
779,0.3092417220981319,-1.34985111608001,0.12820214892061638,1,0,0,False,True,False,False
780,0.05384464496550139,0.20854123035996788,-1.2295750507931564,0,0,0,False,False,False,True
781,0.2175829689663637,0.2793772461072396,-1.3546395454548734,0,0,1,False,False,False,False
782,-0.19550643054828878,0.06686919886542443,-0.9790987194764148,1,0,0,True,False,False,False
783,-0.7020635220967197,-0.0039668168818472824,1.4777562691768125,0,0,0,True,False,False,False
784,-0.5641044159533141,-0.9248350215963796,-0.27544759400389546,0,1,1,True,False,False,False
785,-0.7943271596093671,-1.4206871318272816,-0.3395995278155412,1,0,0,True,False,False,False
786,1.4591932986806373,0.6335573248435982,-0.6214491732765318,1,1,0,False,True,False,False
787,-0.09968575077898921,1.6252615453054022,-1.1909357137901455,1,0,0,False,False,False,True
788,-0.47350736267564786,0.8460653720854133,-0.02282572161172381,0,1,2,True,False,False,False
789,-0.3627468247055337,-0.7123269743545645,-1.2492541533187034,1,0,0,False,False,True,False
790,2.027026887298834,1.3419174823163154,1.1687284107860507,0,0,0,True,False,False,False
791,-0.8292354967567185,0.7752293563381416,-0.4254188154220752,1,0,0,False,False,False,True
792,-0.09265345741931913,-0.7123269743545645,-0.4103145525099743,1,0,0,True,False,False,False
793,-0.27521094349251257,1.2710814665690435,-0.0702808807262826,1,0,0,False,True,False,False
794,-0.02794338788525713,1.6252615453054022,-0.1726949563459524,1,0,0,False,False,False,False
795,-0.9816941237955069,-0.1456388483763907,1.7150210944819142,0,0,0,False,False,False,False
796,1.1153923376083945,-1.34985111608001,0.17436729445312615,1,0,2,False,False,False,True
797,1.7669146597542822,1.4835895138108588,-1.3926882810922703,1,0,0,False,False,False,False
798,-0.1438138919914917,1.3419174823163154,0.3851554255768139,1,0,0,False,False,False,False
799,0.2267072662192696,1.2710814665690435,-1.175434319465969,0,0,0,False,False,True,False
800,1.6305813534733609,1.412753498063587,-1.5889700024584248,1,0,0,False,False,False,True
801,0.26325649832727527,-0.2873108798709342,1.6323602664111934,1,0,0,False,False,False,True
802,-0.8302221405929158,-0.1456388483763907,0.9564145442816315,1,0,0,False,False,False,False
803,-0.11707926504811847,1.2710814665690435,1.6644666043339722,1,0,0,False,False,False,False
804,-0.040415782687859766,-0.6414909586072928,-0.0570089144565059,1,0,1,False,False,False,False
805,-0.4327379326642443,1.5544255295581304,0.12938409047384927,1,1,0,False,True,False,False
806,0.3713740998602427,-0.7123269743545645,-1.1180118874058673,1,0,0,True,False,False,False
807,1.801572616829129,-0.0039668168818472824,-0.848699032176842,1,0,0,False,True,False,False
808,1.672151186722972,0.7752293563381416,1.1792478255244283,1,0,0,False,False,False,True
809,-0.3838813032596,-0.9956710373436514,-0.4741304533788429,1,0,0,False,False,True,False
810,-0.8768586716283733,-0.7123269743545645,1.1390268373311638,1,0,0,True,False,False,False
811,3.3092492202186485,-1.4915231475745534,0.735244213239611,1,0,0,False,False,True,False
812,0.8777690605552301,-0.2873108798709342,-1.0877320445243404,1,0,1,False,False,False,True
813,-0.8635181967969506,-0.8539990058491079,0.0443398539823311,1,0,0,False,False,False,True
814,1.608810875009104,-0.21647486412366243,0.6268396593528633,1,0,0,False,False,True,False
815,1.0976256980740686,-0.4289829113654776,-0.8893860818883983,1,0,0,False,False,True,False
816,-0.24788964425090645,0.6335573248435982,1.1523040039937205,1,0,0,False,False,True,False
817,-0.08003115188922387,-0.7831629901018362,0.17247020919129114,1,0,0,False,False,False,True
818,-0.47667684987385167,-1.4915231475745534,-1.1286201709328416,0,0,2,False,False,False,False
819,-0.9425572423709851,1.6252615453054022,0.30325863651416196,1,0,0,False,False,True,False
820,-0.5804808794188782,1.4835895138108588,1.7316652322180868,1,1,2,True,False,False,False
821,0.6700475417241005,0.13770521461269616,-1.17907724058796,0,0,1,False,False,False,True
822,-0.9957199124781902,0.2793772461072396,1.104551283922379,1,0,0,False,True,False,False
823,-0.5831052909535744,1.5544255295581304,-0.9844289621159976,1,0,0,False,True,False,False
824,-0.4781035114109948,0.20854123035996788,0.9867474081704684,0,0,0,True,False,False,False
825,-0.20742597463072074,0.7043933405908699,0.8228695935402011,1,0,0,False,False,False,False
826,1.5960720217941062,-1.2081790845854665,-0.6650382979148796,1,0,2,False,False,True,False
827,-0.5630818922306702,-0.6414909586072928,-0.5782028796738543,1,0,0,False,False,False,True
828,-0.5621257681672778,1.200245450821772,1.0214801006038463,1,0,1,False,False,True,False
829,0.37550841116291417,0.7752293563381416,-0.11333543137992874,1,0,0,False,False,False,True
830,-0.3812954839209569,0.3502132618545113,0.8099819540852708,0,1,1,False,True,False,False
831,-0.7387922896669874,-0.49981892711274933,-1.1877743939964938,1,0,2,False,False,True,False
832,-0.38087926242032166,-1.6331951790690968,1.2272644294744306,1,0,0,True,False,False,False
833,-0.8443067661782212,1.6960975610526738,0.7416573389252111,1,0,0,False,False,False,False
834,-0.800856601794455,-0.8539990058491079,1.4136778077523904,0,0,0,True,False,False,False
835,-0.29075212931905886,-1.4915231475745534,-1.2412862269320406,1,0,1,False,False,False,False
836,-0.44199520635979506,0.06686919886542443,0.3376383200536748,0,0,2,False,False,True,False
837,1.5336941674502291,-0.0039668168818472824,0.3585679019144269,0,0,1,False,False,True,False
838,-0.5375089797407846,0.3502132618545113,-0.4834705064780164,1,0,0,False,False,False,False
839,-0.1065854510281462,-0.9956710373436514,-0.12354672964452142,1,0,0,False,True,False,False
840,0.02868739724648609,-1.2790151003327381,-1.5648258449788701,1,0,1,False,False,False,True
841,-0.9869360089253948,0.421049277601783,0.8615408489226972,1,0,0,True,False,False,False
842,0.12012286525830114,1.3419174823163154,0.1878769300215105,1,0,1,True,False,False,False
843,-0.7987947823308598,-1.066507053090923,-1.4970970374959813,1,0,0,True,False,False,False
844,2.338927301520397,0.9877374035799568,0.6383859767464564,1,0,0,False,False,True,False
845,-0.8349170937179194,-0.8539990058491079,-0.0950435001214722,1,0,0,True,False,False,False
846,-0.44958257605467694,0.421049277601783,-1.576892249521013,1,0,0,False,False,False,True
847,-0.9087151715953756,-1.2790151003327381,1.628471837011481,1,0,0,False,False,False,True
848,4.933600494079137,1.6960975610526738,1.558219945568696,0,0,0,False,False,False,False
849,-0.28287287251115134,1.200245450821772,0.06304133810440896,1,0,0,False,False,True,False
850,-0.06963476007345376,1.200245450821772,-1.3739365238637151,0,0,0,False,False,False,True
851,-0.9290659003864186,0.7752293563381416,0.8915712048411955,1,0,0,False,True,False,False
852,0.4255352912440189,-0.3581468956182059,-0.008841201827416273,1,0,1,False,False,True,False
853,-0.7581124349794416,-1.4915231475745534,-0.6583266220417411,0,0,2,False,False,True,False
854,1.3485362194531634,-1.2790151003327381,-0.010599325998670686,1,0,1,False,False,False,True
855,-0.7642995385114814,-1.7040311948163684,0.09574714126286478,1,0,2,False,True,False,False
856,-0.7828365370245712,1.3419174823163154,0.23377062176825045,1,0,0,False,False,False,False
857,-0.9621903142023531,1.412753498063587,-0.18264887914018035,1,0,0,False,False,False,True
858,-0.34332518851259697,1.200245450821772,0.38130945936963917,1,0,0,False,True,False,False
859,-0.1445045751494517,1.5544255295581304,1.4540964370977798,1,0,1,False,False,True,False
860,-0.9305731794127364,-0.8539990058491079,-0.45328191750477614,1,0,0,False,True,False,False
861,0.5365062063688151,-0.21647486412366243,0.7924955224060053,1,0,0,False,False,True,False
862,-0.3792822848759037,-0.2873108798709342,1.370865471266913,1,0,1,False,False,False,True
863,-0.23594932746905728,-0.21647486412366243,-0.13207182998867134,1,0,0,False,False,False,True
864,-0.4025874604014648,0.20854123035996788,-0.17499792148408125,1,0,0,True,False,False,False
865,-0.47365906497774823,-1.1373430688381947,0.36883854324325865,1,0,0,True,False,False,False
866,-0.15672716690886085,0.06686919886542443,0.33212753084258445,0,0,0,True,False,False,False
867,-0.8269377574423789,-1.1373430688381947,1.069700250534036,1,0,0,False,False,False,True
868,-0.7939117255297297,-0.7123269743545645,-0.0617907202823723,1,0,0,False,False,False,False
869,1.0354105331795151,-1.066507053090923,1.7193570040334876,1,0,0,False,False,False,True
870,2.0044841941270444,-0.074802832629119,-1.4911654137021693,1,0,0,False,True,False,False
871,-0.5197443842706226,1.200245450821772,-1.6841554203287123,1,0,1,False,False,False,True
872,-0.675677672186577,-1.2081790845854665,0.4993683796237559,1,0,1,False,False,False,True
873,0.062053352140089904,-0.074802832629119,-0.6720803335371229,1,0,0,False,False,True,False
874,-0.4598822723383096,-0.6414909586072928,-0.8710646434418329,0,0,1,False,False,True,False
875,-0.974042078085972,1.6960975610526738,-0.6259297454533764,1,0,0,False,False,True,False
876,-0.8258260594969171,0.06686919886542443,-0.8173697457883584,1,0,0,False,False,False,True
877,0.29441398182600487,0.13770521461269616,-1.5894759081706038,1,0,0,False,False,False,False
878,0.10611248939388117,0.8460653720854133,1.6350711639726967,1,0,0,False,True,False,False
879,-0.9722358366376269,-1.4915231475745534,-0.9383732598076175,1,0,0,False,True,False,False
880,-0.7422793450751832,-0.074802832629119,0.8209906856423699,1,0,0,False,False,False,False
881,-0.7301720195135295,-0.4289829113654776,0.9189073861935201,1,0,0,False,False,False,False
882,0.14599315084675046,0.7752293563381416,1.4901646311866084,1,0,1,False,True,False,False
883,-0.9800159741730511,0.9877374035799568,-1.5903005776751478,1,0,0,True,False,False,False
884,-0.8873961183560745,-1.066507053090923,1.2940714293976456,0,0,0,False,False,True,False
885,0.6548323914484381,-0.0039668168818472824,0.1121383325636074,1,0,0,False,False,True,False
886,-0.7981578952119502,-0.49981892711274933,0.4731323794307156,0,0,0,False,True,False,False
887,0.08764514449964961,-0.4289829113654776,0.5140112248533165,1,0,0,False,False,False,False
888,-0.7206176793495238,0.7752293563381416,1.1149743688872498,0,0,0,True,False,False,False
889,-0.8927416939159455,-1.066507053090923,-0.5522068053908283,1,0,0,False,True,False,False
890,-0.7138576636322063,0.5627213090963264,0.8176364710975156,1,0,1,False,False,True,False
891,0.3174705777033679,-1.4206871318272816,0.1167722850385841,1,0,0,False,False,False,True
892,0.9910566771084272,1.5544255295581304,1.0244711532517101,0,0,2,False,False,False,False
893,0.8237918569947561,1.6960975610526738,1.700241229479245,0,0,0,False,False,False,True
894,-0.47978619229622793,0.7043933405908699,-1.0072502732832571,0,0,0,False,True,False,False
895,0.1341231247523346,1.3419174823163154,1.714303577287029,0,0,0,False,False,True,False
896,-0.7645005808010186,0.6335573248435982,-1.387168204448752,1,0,0,True,False,False,False
897,-0.6435773962036337,0.5627213090963264,-1.6870699618943301,1,0,0,False,False,False,True
898,1.331338869784407,-0.2873108798709342,-1.5436416284025163,1,0,0,True,False,False,False
899,-0.9870324638243236,-0.570654942860021,-0.5234998703262901,0,0,1,False,False,True,False
900,-0.9085364701769102,-0.21647486412366243,0.47437394885757317,1,0,2,False,False,False,True
901,-0.7607384599523522,1.6252615453054022,-1.4584039358780194,1,0,0,True,False,False,False
902,-0.972831833189568,0.8460653720854133,-1.6755932425086553,1,0,0,True,False,False,False
903,-0.7945311374188566,-0.7123269743545645,1.517015652487911,1,0,0,False,False,False,True
904,-0.10055026268012998,0.7043933405908699,1.12227127747624,1,0,0,False,False,True,False
905,-0.437561052176017,0.20854123035996788,1.078591013652594,0,0,1,True,False,False,False
906,1.2956035120834248,-1.2790151003327381,1.336491933088901,1,0,1,False,True,False,False
907,0.7491485009030386,0.49188529334905473,0.7044657069784245,1,0,1,False,False,False,True
908,-0.5701849156180855,-0.9956710373436514,-1.3371518746678708,0,0,0,False,False,False,False
909,-0.6915261711100597,-1.066507053090923,-0.32703400040302516,1,0,0,False,False,False,False
910,-0.5092121074971074,-1.1373430688381947,0.7836967990090827,1,0,0,False,False,True,False
911,-0.08249615058742647,-0.7831629901018362,-0.7341225263216563,0,0,2,False,True,False,False
912,-0.6794529470036739,-0.8539990058491079,0.6611815303927392,1,0,0,True,False,False,False
913,0.006230608130453368,-0.0039668168818472824,-1.6110413782373587,1,0,0,False,False,False,False
914,-0.4587028032604015,-1.6331951790690968,-0.6456790278488216,1,0,0,False,False,True,False
915,-0.17431531210730894,0.7043933405908699,0.18721832872533498,0,0,1,False,True,False,False
916,-0.41108116103214565,-1.2790151003327381,0.47157526049684234,1,0,0,False,True,False,False
917,-0.6416572917705657,-0.2873108798709342,0.28288544261950427,1,0,0,False,False,True,False
918,2.050116333113149,-0.49981892711274933,0.696657508945775,1,0,2,False,False,True,False
919,0.483268718432548,-1.562359163321825,-1.674143569571725,1,0,2,True,False,False,False
920,-0.845197098356224,1.200245450821772,-1.3490216203252803,0,0,0,False,False,True,False
921,1.0863924270679903,0.9877374035799568,1.2834316775827384,0,0,0,True,False,False,False
922,-0.3129405979394604,1.1294094350745,0.6417887900262795,1,0,1,True,False,False,False
923,1.313788740417371,1.6960975610526738,-1.307922460163421,1,0,2,False,False,False,True
924,0.6545196692114335,-0.9956710373436514,1.1913310894606695,1,0,0,False,True,False,False
925,-0.4308016468468633,0.9877374035799568,-0.864727485909701,1,0,0,False,True,False,False
926,-0.9771166531611754,-0.074802832629119,-0.0557014809658497,1,0,0,False,True,False,False
927,-0.6785899658587374,1.4835895138108588,-1.1973294570412794,1,0,1,False,False,False,True
928,-0.19795631523969762,-0.4289829113654776,0.7390020669810489,1,0,0,True,False,False,False
929,0.03208912506896656,-1.4915231475745534,0.5907364582179488,0,0,0,True,False,False,False
930,-0.6936573667014159,0.06686919886542443,-0.9713919672841548,1,0,0,False,False,True,False
931,-0.8461025078279288,0.916901387832685,1.2644304946607532,1,0,2,False,False,False,True
932,0.8527377486415565,1.200245450821772,-0.31947314420622813,1,0,0,False,False,True,False
933,3.2798776817201394,0.49188529334905473,-0.6923714678420864,1,0,0,False,False,False,True
934,-0.23313366267033703,0.9877374035799568,-1.1728796961833654,0,0,0,False,False,True,False
935,-0.8067202866660362,1.412753498063587,-0.7826802936013492,0,0,0,False,False,False,False
936,-0.6734708263489033,1.4835895138108588,-1.6195129324817266,0,0,0,False,True,False,False
937,-0.9814001936575535,0.7752293563381416,0.3041946149031632,1,0,1,False,True,False,False
938,1.5271056359012998,1.0585734193272285,1.1918668633713267,1,0,0,True,False,False,False
939,-0.8716094783279416,0.8460653720854133,0.1867045676233137,1,0,2,False,False,False,False
940,-0.11652524653901769,0.5627213090963264,-0.9434171523447222,0,0,0,False,True,False,False
941,-0.6709967536025903,0.7752293563381416,-1.579607234559411,1,0,0,True,False,False,False
942,-0.16940992777752417,-1.562359163321825,-0.9593416788181943,1,0,0,False,False,False,False
943,0.08372501818897574,-1.1373430688381947,-0.2686909778964415,1,0,0,False,True,False,False
944,0.8208991208361615,-1.2081790845854665,0.9086759378255783,1,0,0,False,False,True,False
945,-0.7626393941551193,0.5627213090963264,-1.0511523069282687,1,0,1,False,False,False,True
946,-0.9891213626467786,-1.34985111608001,0.7721866034333454,1,0,1,False,False,False,False
947,-0.8490513543476231,1.1294094350745,1.2765393940627232,0,0,0,True,False,False,False
948,1.3685528876196507,0.9877374035799568,-0.13903830083553403,1,0,2,False,False,False,False
949,1.129700458116968,-1.4915231475745534,1.1205758050325927,0,0,0,True,False,False,False
950,-0.0644651463162208,-0.8539990058491079,0.20616304552836978,1,0,1,False,False,False,False
951,-0.05650298466840896,1.6960975610526738,0.4887170138314547,1,0,0,True,False,False,False
952,0.12471743763998405,-1.6331951790690968,0.10888986896382259,1,0,0,False,True,False,False
953,-0.8021245490790432,-1.4206871318272816,-0.1074151604554188,1,1,1,False,False,True,False
954,1.5284646905586272,1.3419174823163154,-0.8907015253233108,1,0,0,False,True,False,False
955,-0.4422694609504074,0.13770521461269616,-0.6557675956659752,1,0,0,False,False,True,False
956,-0.5034807736720004,0.49188529334905473,-0.7010947668564288,1,0,0,False,True,False,False
957,-0.24771933288251055,-0.2873108798709342,0.2357491765371627,1,0,0,False,True,False,False
958,-0.9510071253936231,-1.2081790845854665,-1.283853259507738,1,0,1,False,False,False,False
959,-0.8134003294291161,0.916901387832685,1.4474364256056795,1,0,0,False,False,False,True
960,0.37759698076885645,-1.2081790845854665,0.7751470456588688,1,0,2,True,False,False,False
961,-0.9115804952744553,-1.562359163321825,-0.3189946199353103,1,0,0,True,False,False,False
962,-0.04969399248411649,1.3419174823163154,-1.151304101943535,1,0,0,True,False,False,False
963,-0.7108942402576018,-1.562359163321825,1.328155501530285,1,0,1,False,False,True,False
964,-0.4931605936575086,-0.21647486412366243,1.1286174327396385,1,0,0,True,False,False,False
965,-0.6500395821450002,-1.34985111608001,0.7788023277027458,0,0,2,True,False,False,False
966,-0.5482968930097377,-1.6331951790690968,-0.7642427911613204,1,0,0,False,False,False,False
967,0.3056078744410046,-0.1456388483763907,-0.3155635099831356,0,0,0,False,True,False,False
968,-0.6377771753886109,1.3419174823163154,-1.3428276589434964,1,0,0,True,False,False,False
969,-0.14080155048595552,-1.6331951790690968,-1.0470505215994195,1,0,0,False,False,False,True
970,-0.3355332027015053,0.916901387832685,0.9889010338420999,1,0,0,True,False,False,False
971,0.12053203854759315,-0.570654942860021,0.7558958457577778,1,0,1,False,False,True,False
972,1.840918127892437,0.7043933405908699,0.3392536480425504,1,0,0,False,False,True,False
973,0.35636928517787647,0.6335573248435982,1.3752328896573012,1,0,0,False,False,True,False
974,-0.7515356650446695,-0.1456388483763907,0.3042255507575761,1,0,0,True,False,False,False
975,-0.9679048498885722,0.3502132618545113,-0.09440622021919097,1,0,0,False,False,False,False
976,-0.6875725117382635,-1.2081790845854665,-0.5283385553823795,1,0,0,False,False,False,True
977,-0.0704152681664791,-0.21647486412366243,1.5285239428586284,1,0,1,True,False,False,False
978,-0.9461815077398273,1.3419174823163154,-1.4114932539393197,1,0,1,False,False,False,False
979,-0.2948488273282412,0.7752293563381416,1.4957516279569854,1,0,1,False,False,False,False
980,-0.0659213561660471,-1.4206871318272816,1.1386829955130766,1,0,1,True,False,False,False
981,-0.5819551322003159,-0.8539990058491079,-1.249658130379986,1,0,0,True,False,False,False
982,0.5155677884696892,0.2793772461072396,0.2415605227952766,1,0,1,False,False,False,False
983,-0.8845331668576382,0.421049277601783,1.2752180770760386,1,0,0,False,False,False,False
984,-0.9201376647230396,1.5544255295581304,0.26495363670175215,1,0,0,False,False,False,False
985,0.33964349523741066,-0.6414909586072928,1.4145587599772265,0,0,0,True,False,False,False
986,-0.2966345139356019,1.200245450821772,1.5372141270882675,1,0,0,False,False,False,False
987,0.19910702350081408,0.3502132618545113,-0.2472232210899722,1,0,1,False,False,True,False
988,-0.41344879508578886,-0.6414909586072928,-0.4017108051418589,1,0,0,True,False,False,False
989,-0.7094578345078324,-0.9248350215963796,1.5143767845392109,1,0,1,False,False,True,False
990,0.758539009940765,-0.570654942860021,0.6191368150060454,1,0,0,False,True,False,False
991,0.6522636641374119,-0.6414909586072928,-1.2973274307611637,1,0,0,True,False,False,False
992,0.2201005115950688,-0.9248350215963796,-1.5500519933132222,1,0,1,False,True,False,False
993,-0.6737000972859757,-1.2081790845854665,0.24034265232791113,0,0,0,False,False,False,False
994,-0.08265753600484979,-0.3581468956182059,1.4932960296750704,1,0,0,False,False,False,False
995,-0.5397976151883339,-1.562359163321825,1.1987837305298417,1,0,0,False,False,False,True
996,-0.901681085599851,-0.6414909586072928,0.6215625196108602,1,0,0,False,False,False,False
997,1.5639476623447464,0.3502132618545113,-1.2181719054343942,1,0,0,False,True,False,False
998,-0.8491312103049169,1.412753498063587,-0.8235949978710866,0,0,0,False,False,False,False
999,2.0863535553849646,-0.1456388483763907,1.30594103224177,1,0,2,True,False,False,False
1000,-0.392896808981692,0.20854123035996788,-1.0684126857677496,1,0,1,False,False,False,False
